track_name,artist(s)_name,in_spotify_playlists,in_spotify_charts,streams,in_apple_playlists,in_apple_charts,in_deezer_playlists,in_deezer_charts,in_shazam_charts,track_id,date
Seven (feat. Latto) (Explicit Ver.),"Latto, Jung Kook",553,147,0.038170370272903334,43,263,45,10,826,0,2023-07-14
LALA,Myke Towers,1474,48,0.03610081307353085,48,126,58,14,382,1,2023-03-23
vampire,Olivia Rodrigo,1397,113,0.037798402385085327,94,207,91,14,949,2,2023-06-30
Cruel Summer,Taylor Swift,7858,100,0.21621526425199158,116,207,125,12,548,3,2019-08-23
WHERE SHE GOES,Bad Bunny,3133,50,0.08186889208889073,84,133,87,15,425,4,2023-05-18
Sprinter,"Dave, Central Cee",2186,91,0.04959741172950171,67,213,88,17,946,5,2023-06-01
Ella Baila Sola,"Eslabon Armado, Peso Pluma",3090,50,0.19600390315019506,34,222,43,13,418,6,2023-03-16
Columbia,Quevedo,714,43,0.015698786871209663,25,89,30,13,194,7,2023-07-07
fukumean,Gunna,1096,83,0.025706620219902335,60,210,48,11,953,8,2023-05-15
La Bebe - Remix,"Peso Pluma, Yng Lvcas",2953,44,0.1494728405591939,49,110,66,13,339,9,2023-03-17
un x100to,"Bad Bunny, Grupo Frontera",2876,40,0.13652359015992904,41,205,54,12,251,10,2023-04-17
Super Shy,NewJeans,422,55,0.015727343856966867,37,202,21,5,168,11,2023-07-07
Flowers,Miley Cyrus,12211,115,0.3555321923733079,300,215,745,58,1021,12,2023-01-12
Daylight,David Kushner,3528,98,0.10463802598805146,80,156,182,24,1281,13,2023-04-14
As It Was,Harry Styles,23575,130,0.6785255939698066,403,198,863,46,0,14,2022-03-31
Kill Bill,SZA,8109,77,0.3140185496840115,183,162,161,12,187,15,2022-12-08
Cupid - Twin Ver.,Fifty Fifty,2942,77,0.13412725915126444,91,212,78,6,0,16,2023-02-24
"What Was I Made For? [From The Motion Picture ""Barbie""]",Billie Eilish,873,104,0.008246492723625385,80,227,95,24,1173,17,2023-07-13
Classy 101,"Feid, Young Miko",2610,40,0.09050464855955563,43,100,54,14,187,18,2023-03-31
Like Crazy,Jimin,596,68,0.09810408764389585,8,104,23,2,29,19,2023-03-24
LADY GAGA,"Gabito Ballesteros, Junior H, Peso Pluma",332,26,0.023338173121270813,11,163,10,4,0,20,2023-06-22
I Can See You (Taylorï¿½ï¿½ï¿½s Version) (From The ,Taylor Swift,516,38,0.01407505445854874,73,119,42,1,150,21,2023-07-07
I Wanna Be Yours,Arctic Monkeys,12859,110,0.3501785027058854,24,98,582,2,73,22,2013-01-01
"Peso Pluma: Bzrp Music Sessions, Vol. 55","Bizarrap, Peso Pluma",1313,40,0.05417124530050322,17,152,32,11,139,23,2023-05-31
Popular (with Playboi Carti & Madonna) - The Idol Vol. 1 (Music from the HBO Original Series),"The Weeknd, Madonna, Playboi Carti",1945,87,0.031146099638546944,74,182,87,14,1093,24,2023-06-02
SABOR FRESA,Fuerza Regida,250,26,0.021139354334446428,16,149,10,5,168,25,2023-06-22
Calm Down (with Selena Gomez),"Rï¿½ï¿½ma, Selena G",7112,77,0.24276640524531537,202,119,318,38,96,26,2022-03-25
MOJABI GHOST,"Tainy, Bad Bunny",859,40,0.016534640276010273,35,109,41,14,211,27,2023-06-29
Last Night,Morgan Wallen,2420,19,0.11604739387466295,52,107,15,1,325,28,2023-01-31
Dance The Night (From Barbie The Album),Dua Lipa,2988,101,0.03439792015205868,0,0,143,38,0,29,2023-05-25
Rush,Troye Sivan,864,78,0.006095857303099692,71,135,50,1,294,30,2023-07-13
TULUM,"Peso Pluma, Grupo Frontera",266,34,0.014117987132234963,20,185,13,8,197,31,2023-06-28
Creepin',"The Weeknd, 21 Savage, Metro Boomin",6036,88,0.2278561785572777,113,149,245,23,27,32,2022-12-02
Anti-Hero,Taylor Swift,9082,56,0.2699175437042242,242,142,165,9,310,33,2022-10-21
TQG,"Karol G, Shakira",4284,49,0.1671181500052208,115,123,184,18,354,34,2023-02-23
Los del Espacio,"Big One, Duki, Lit Killah, Maria Becerra, FMK, Rusherking, Emilia, Tiago pzk",1150,31,0.03324061301704498,22,33,34,7,184,35,2023-06-01
Frï¿½ï¿½gil (feat. Grupo Front,"Yahritza Y Su Esencia, Grupo Frontera",672,34,0.051008702220606036,19,108,24,9,212,36,2023-04-07
Blank Space,Taylor Swift,11434,53,0.36608956167729967,154,123,410,2,81,37,2014-01-01
Style,Taylor Swift,7830,42,0.2122575409260441,94,111,151,4,82,38,2014-01-01
TQM,Fuerza Regida,584,28,0.047666265411660275,16,159,15,6,100,39,2023-05-19
El Azul,"Junior H, Peso Pluma",692,25,0.09570814055568039,10,107,6,3,62,40,2023-02-10
Sunflower - Spider-Man: Into the Spider-Verse,"Post Malone, Swae Lee",24094,78,0.7581467147147447,372,117,843,4,69,41,2018-10-09
I'm Good (Blue),"Bebe Rexha, David Guetta",12482,80,0.2995309565036836,291,184,537,45,727,42,2022-08-26
See You Again,"Tyler, The Creator, Kali Uchis",13387,64,0.282702206434991,77,58,247,1,311,43,2017-07-21
Barbie World (with Aqua) [From Barbie The Album],"Nicki Minaj, Aqua, Ice Spice",1117,80,0.01759053220551624,82,145,65,16,1133,44,2023-06-23
Angels Like You,Miley Cyrus,3372,19,0.1540304749551261,65,48,138,1,102,45,2020-11-27
I Ain't Worried,OneRepublic,8431,76,0.2931193907777954,241,127,458,37,332,46,2022-05-13
Die For You,The Weeknd,2483,59,0.4449340046039654,68,21,24,0,259,47,2016-11-24
Starboy,"The Weeknd, Daft Punk",29536,79,0.692656998338779,281,137,2445,1,140,48,2016-09-21
Die For You - Remix,"Ariana Grande, The Weeknd",3408,47,0.14005330131207122,87,86,74,1,16,49,2023-02-24
El Cielo,"Feid, Myke Towers, Sky Rompiendo",1298,38,0.029091312307030163,44,64,57,10,110,50,2023-06-02
Baby Don't Hurt Me,"David Guetta, Anne-Marie, Coi Leray",4277,66,0.0479867903891694,145,111,213,11,810,51,2023-04-06
AMARGURA,Karol G,1133,39,0.04140758858002133,14,71,23,10,176,52,2023-02-24
(It Goes Like) Nanana - Edit,Peggy Gou,2259,59,0.015625097363791824,0,0,109,17,0,53,2023-06-15
Another Love,Tom Odell,18371,83,0.4896662082004938,250,122,3394,19,0,54,2012-10-15
Blinding Lights,The Weeknd,43899,69,1.0,672,199,3421,20,0,55,2019-11-29
Moonlight,Kali Uchis,2649,42,0.06924624189775849,67,79,57,1,615,56,2023-02-24
La Bachata,Manuel Turizo,6804,45,0.3277850687144924,139,111,161,15,210,57,2022-05-26
S91,Karol G,525,41,0.004322092180740486,34,115,39,6,216,58,2023-07-14
cardigan,Taylor Swift,7923,29,0.21923337035723195,106,112,142,4,215,59,2020-07-24
Tï¿½ï¿,"dennis, MC Kevin o Chris",731,15,0.030223584426932987,27,17,73,4,167,60,2023-05-04
Boy's a liar Pt. 2,"PinkPantheress, Ice Spice",5184,41,0.04220853330252006,154,84,102,14,37,61,2023-02-03
Left and Right (Feat. Jung Kook of BTS),"Charlie Puth, BTS, Jung Kook",3107,39,0.19450659395952766,38,0,4,0,0,62,2022-06-24
BESO,"Rauw Alejandro, ROSALï¿½",4053,50,0.09663427979274361,82,121,182,12,171,63,2023-03-24
Hey Mor,"Ozuna, Feid",4637,38,0.18198961827700139,63,79,89,11,16,64,2022-10-06
Yellow,Chris Molitor,31358,43,0.47388301579757164,196,2,4053,5,0,65,1999-01-01
Karma,Taylor Swift,3818,23,0.10922565774639077,37,55,32,0,272,66,2022-10-21
People,Libianca,3506,56,0.10075811188972818,105,64,169,8,529,67,2022-12-02
Overdrive,Post Malone,410,36,0.003989765834207116,36,32,31,1,26,68,2023-07-14
Enchanted (Taylor's Version),Taylor Swift,148,24,0.010684818203753436,32,93,8,2,5,69,2023-07-07
BABY HELLO,"Rauw Alejandro, Bizarrap",1004,35,0.014650355741768123,42,80,58,3,169,70,2023-06-23
Heat Waves,Glass Animals,22543,63,0.6906175408266028,386,144,707,28,0,71,2020-06-28
golden hour,JVKE,4511,36,0.20279524935605095,70,58,109,18,230,72,2022-07-15
Sweater Weather,The Neighbourhood,16413,61,0.6163161697774544,166,87,1056,1,0,73,2012-05-14
"Quevedo: Bzrp Music Sessions, Vol. 52","Bizarrap, Quevedo",8506,45,0.3662531782052523,94,65,164,14,176,74,2022-07-06
Viva La Vida,Coldplay,33898,62,0.4300629966587431,233,0,4095,9,0,75,2008-01-01
Here With Me,d4vd,3246,23,0.17155177026647855,94,85,68,1,84,76,2022-07-17
Unholy (feat. Kim Petras),"Sam Smith, Kim Petras",8576,42,0.33226482422634757,216,108,331,26,154,77,2022-09-22
Yandel 150,"Yandel, Feid",3618,38,0.15812895102334715,47,74,80,14,194,78,2022-12-20
CORAZï¿½ï¿½N VA,Maria Becerra,370,20,0.011840210596273945,12,16,18,4,93,79,2023-06-22
Riptide,Vance Joy,31123,55,0.542427193277427,300,65,1003,1,0,80,1975-01-01
Until I Found You (with Em Beihold) - Em Beihold Version,"Em Beihold, Stephen Sanchez",2790,30,0.1622547405206526,60,96,71,0,115,81,2022-04-22
Novidade na ï¿½ï¿,"Mc Livinho, DJ Matt D",267,9,0.010720163183837188,9,6,25,2,72,82,2023-06-23
Back To December (Taylor's Version),Taylor Swift,139,17,0.010590525775523682,16,72,5,0,8,83,2023-07-07
STAY (with Justin Bieber),"Justin Bieber, The Kid Laroi",17050,36,0.7196054678384506,492,99,798,31,0,84,2021-07-09
El Merengue,"Marshmello, Manuel Turizo",2114,44,0.060377153859326356,80,75,110,11,323,85,2023-03-03
Someone You Loved,Lewis Capaldi,17836,53,0.7795148478388052,440,125,1800,0,0,86,2018-11-08
Me Porto Bonito,"Chencho Corleone, Bad Bunny",8870,43,0.3889840564025556,104,120,141,26,49,87,2022-05-06
Makeba,Jain,6060,53,0.04467769499233757,150,148,2703,22,1451,88,2015-06-22
MONTAGEM - FR PUNK,"Ayparia, unxbected",641,50,0.015673255081396654,1,52,8,0,1170,89,2012-06-20
Fast Car,Luke Combs,1446,12,0.04240298981996969,57,97,35,0,429,90,2023-03-24
What It Is (Solo Version),Doechii,804,25,0.025683585802912513,29,76,24,0,162,91,2023-03-17
Coco Chanel,"Bad Bunny, Eladio Carrion",1962,38,0.06757822985000435,28,89,29,5,82,92,2023-03-17
Donï¿½ï¿½ï¿½t Bl,Taylor Swift,4875,23,0.18494861980209756,19,45,0,0,10,93,2017-11-08
Still With You,Jung Kook,31,39,0.010369954297958542,2,107,8,0,0,94,2020-06-05
All My Life (feat. J. Cole),"J. Cole, Lil Durk",2175,23,0.03902985719418508,69,145,69,2,478,95,2023-05-12
Say Yes To Heaven,Lana Del Rey,2000,46,0.034440736191684404,49,105,63,1,0,96,2023-03-17
Snooze,SZA,2839,25,0.10790918372682969,58,156,42,1,236,97,2022-12-09
Summertime Sadness,Lana Del Rey,20333,52,0.2655678575786844,89,143,1632,3,200,98,2011-01-01
Take Two,BTS,674,47,0.03198785899259158,20,106,25,4,78,99,2023-06-09
Lover,Taylor Swift,8448,23,0.23835153606917286,160,110,163,0,5,100,2012-01-01
Too Many Nights (feat. Don Toliver & with Future),"Future, Metro Boomin, Don Toliver",2110,58,0.07732336117659784,17,119,19,2,266,101,2022-12-02
Chemical,Post Malone,2528,39,0.04665987276144113,56,91,59,3,486,102,2023-04-14
Mockingbird,Eminem,12985,61,0.33520312590556767,49,98,2394,5,204,103,2004-01-01
New Jeans,NewJeans,77,35,0.007980647251604005,8,166,4,4,34,104,2023-07-07
Primera Cita,Carin Leon,266,27,0.02087178635014268,6,40,6,6,202,105,2022-04-20
Cold Heart - PNAU Remix,"Dua Lipa, Elton John, Pnau",21097,52,0.43338780093561213,384,135,1034,37,312,106,2017-11-10
Dandelions,Ruth B.,3423,21,0.3015727178085409,41,100,59,1,32,107,2017-04-28
Bones,Imagine Dragons,4198,44,0.2262693046676245,98,108,327,17,153,108,2021-03-11
Set Fire to the Rain,Adele,14739,43,0.3141608432378204,88,112,2163,5,519,109,2011-01-01
Money Trees,"Kendrick Lamar, Jay Rock",26792,32,0.2952577105054884,69,113,695,0,458,110,2012-01-01
Tak Segampang Itu,Anggi Marito,213,6,0.04850479357025108,7,6,0,0,48,111,2022-12-02
LAGUNAS,"Jasiel Nuï¿½ï¿½ez, Peso P",58,18,0.010544528757886848,2,106,4,2,184,112,2023-06-22
Mine (Taylor's Version),Taylor Swift,99,15,0.009965020008929461,21,52,6,1,0,113,2023-07-07
Everybody Wants To Rule The World,Tears For Fears,41751,25,0.3255896096365774,101,32,2655,0,666,114,1985-02-17
No Role Modelz,J. Cole,21164,36,0.4835447840093684,80,65,476,0,14,115,2014-12-09
Tattoo,Loreen,2988,59,0.05444491362415183,74,102,145,18,925,116,2023-02-25
Rara Vez,"Taiu, Milo j",893,38,0.06697986283139,19,23,24,3,88,117,2023-02-08
VAGABUNDO,"Sebastian Yatra, Manuel Turizo, Beï¿½ï",1094,34,0.02452473866632222,40,58,47,8,203,118,2023-05-12
august,Taylor Swift,7324,22,0.16391432656749447,25,81,61,1,44,119,2020-07-24
LUNA,"Junior H, Peso Pluma",201,11,0.015075919680247983,19,117,8,1,74,120,2023-06-22
Miracle (with Ellie Goulding),"Calvin Harris, Ellie Goulding",5120,48,0.05698006427353172,161,115,246,9,638,121,2023-03-10
Nonsense,Sabrina Carpenter,2346,27,0.09257698310749375,69,12,38,8,64,122,2022-07-15
Que Vuelvas,"Carin Leon, Grupo Frontera",763,26,0.0,21,110,21,9,71,123,2022-12-09
Por las Noches,Peso Pluma,457,24,0.08918824689630987,8,116,4,3,2,124,2021-06-11
Feliz Cumpleaï¿½ï¿½os Fe,Feid,3430,38,0.1624942110357986,45,69,52,4,3,125,2022-08-19
Can't Hold Us (feat. Ray Dalton),"Ray Dalton, Ryan Lewis, Macklemore",6074,52,0.5274265284848811,201,44,6551,2,0,126,2011-08-16
Watermelon Sugar,Harry Styles,21915,34,0.6270639544446885,437,115,1212,12,0,127,2019-11-17
lovely - Bonus Track,"Billie Eilish, Khalid",15032,30,0.6360112369811254,221,96,1078,2,136,128,2017-08-11
"Rauw Alejandro: Bzrp Music Sessions, Vol. 56","Rauw Alejandro, Bizarrap",871,32,0.018062010275853833,25,59,32,5,88,129,2023-06-21
Queencard,(G)I-DLE,451,33,0.02599184206519663,10,126,7,0,148,130,2023-05-15
OMG,NewJeans,1783,27,0.11635724062595262,26,124,15,1,22,131,2023-01-02
Radio,Lana Del Rey,9389,46,0.0768967043337733,24,122,282,3,368,132,2011-01-01
"Shakira: Bzrp Music Sessions, Vol. 53","Shakira, Bizarrap",5724,44,0.19492273942763594,119,108,254,29,22,133,2023-01-11
505,Arctic Monkeys,13985,25,0.3286051119944116,30,80,588,1,1,134,2007-04-20
"Calling (Spider-Man: Across the Spider-Verse) (Metro Boomin & Swae Lee, NAV, feat. A Boogie Wit da Hoodie)","Swae Lee, A Boogie Wit da Hoodie, Metro Boomin, NAV",1051,16,0.02950230751741143,31,37,31,0,189,135,2023-06-02
Trance (with Travis Scott & Young Thug),"Travis Scott, Young Thug, Metro Boomin",1682,46,0.0745854341134527,24,90,30,1,176,136,2022-12-02
"Tere Vaaste (From ""Zara Hatke Zara Bachke"")","Sachin-Jigar, Shadab Faridi, Altamash Faridi, Amitabh Bhattacharya, Varun Jain",182,8,0.014639429398183865,3,88,1,0,52,137,2023-05-22
Perfect,Ed Sheeran,16596,13,0.6910369137103575,7,0,2094,0,0,138,2017-01-01
Romantic Homicide,d4vd,2335,23,0.18401732733745854,82,55,50,0,9,139,2022-07-20
Believer,Imagine Dragons,18986,23,0.7003544251531685,250,121,2969,10,31,140,2017-01-31
Novo Balanï¿½,"Veigh, Bvga Beatz, Supernova Ent, Prod Malax",283,7,0.021895747545697005,6,9,26,1,66,141,2023-05-19
"Gol Bolinha, Gol Quadrado 2","Mc Pedrinho, DJ 900",293,8,0.0032273829779746583,5,2,30,2,66,142,2023-06-01
Without Me,Eminem,21081,43,0.45564533815744485,98,76,3889,5,0,143,2002-01-01
QUEMA,"Sog, Ryan Castro, Peso Pluma",437,31,0.003130929579790656,17,29,26,3,208,144,2023-07-13
Stargirl Interlude,"The Weeknd, Lana Del Rey",1275,32,0.16514999316211224,13,8,5,0,1,145,2016-11-24
Ojitos Lindos,"Bomba Estï¿½ï¿½reo, Bad B",6135,38,0.30612742771340057,71,113,99,13,28,146,2022-05-06
Somewhere Only We Know,Keane,20015,16,0.29412294965232244,107,69,5239,0,558,147,2004-01-01
Those Eyes,New West,1507,14,0.1111654490239942,24,71,44,1,195,148,2019-05-10
El Gordo Trae El Mando,Chino Pacas,539,21,0.06909748217323441,7,71,4,2,13,149,2023-01-27
Mi Bello Angel,Natanael Cano,86,8,0.008604672953569393,7,76,3,1,93,150,2023-06-30
Bye,Peso Pluma,324,14,0.025662428600326977,13,110,8,2,60,151,2023-05-26
Danza Kuduro,"Don Omar, Lucenzo",17138,37,0.3454290765568025,119,81,974,1,503,152,2010-01-01
Nosso Quadro,"Ana Castela, AgroPlay",894,9,0.0631224804356569,14,88,66,3,72,153,2023-02-02
Locked Out Of Heaven,Bruno Mars,1622,9,0.39994338312717126,0,0,356,0,0,154,2012-12-05
Un Finde | CROSSOVER #2,"Big One, FMK, Ke personajes",561,14,0.03836302490211276,4,14,12,5,56,155,2023-04-04
Jimmy Cooks (feat. 21 Savage),"Drake, 21 Savage",5871,27,0.1670898389769384,81,121,58,1,34,156,2022-06-17
Counting Stars,OneRepublic,29215,43,0.5430669283994022,179,97,3394,11,153,157,2013-01-01
Ghost,Justin Bieber,5866,24,0.3151625038390155,107,38,95,0,0,158,2021-03-19
Under The Influence,Chris Brown,3859,26,0.25107696678628494,133,181,3,0,0,159,2019-10-04
PRC,"Natanael Cano, Peso Pluma",961,26,0.11772078836832015,19,143,10,6,15,160,2023-01-23
Gasolina,Daddy Yankee,6457,18,0.17757558686819622,98,95,453,0,454,161,2004-07-13
One Dance,"Drake, WizKid, Kyla",43257,24,0.7327209755011906,433,107,3631,0,26,162,2016-04-04
Enchanted,Taylor Swift,4564,16,0.16783917420761127,24,101,113,0,40,163,2010-01-01
Save Your Tears,The Weeknd,12688,13,0.4296077984893639,197,115,112,0,200,164,2020-03-20
Sure Thing,Miguel,13801,19,0.2567309276026274,137,125,435,6,285,165,2010-05-25
Every Breath You Take - Remastered 2003,The Police,22439,19,0.4301604476561251,211,74,929,0,129,166,1983-01-06
The Night We Met,Lord Huron,18515,35,0.3807038513057072,70,82,939,1,162,167,2015-02-02
We Found Love,"Rihanna, Calvin Harris",36843,21,0.3334337683087586,321,91,4607,1,58,168,2011-01-01
When I Was Your Man,Bruno Mars,2420,11,0.44849699102158996,0,0,806,0,0,169,2012-12-05
Let Me Down Slowly,Alec Benjamin,5897,19,0.3711172721049672,0,0,885,0,0,170,2018-05-25
"Am I Dreaming (Metro Boomin & A$AP Rocky, Roisee)","A$AP Rocky, Metro Boomin, Roisee",727,16,0.025428305162885093,17,60,28,1,44,171,2023-06-02
Do I Wanna Know?,Arctic Monkeys,33783,26,0.4828228070254976,133,92,2733,1,26,172,2013-01-01
Demons,Imagine Dragons,26694,13,0.4968723980007549,65,82,3425,4,13,173,2012-01-01
ýýýýýýýýýýýý,YOASOBI,356,16,0.038762199574445946,35,102,8,1,117,174,2023-04-12
Reminder,The Weeknd,6518,17,0.18485231057657167,45,85,238,1,47,175,2016-11-25
Shake It Off,Taylor Swift,21335,13,0.30072043601034376,328,70,1378,9,20,176,2014-01-01
Why'd You Only Call Me When You're High?,Arctic Monkeys,23389,29,0.34216183442862474,54,70,1089,2,1,177,2013-01-01
SNAP,Rosa Linn,3202,18,0.19609228476942828,148,80,226,24,0,178,2022-03-19
Shape of You,Ed Sheeran,32181,10,0.96183712373547,33,0,6808,7,0,179,2017-01-06
Night Changes,One Direction,7124,18,0.30537825690435466,60,20,2,0,0,180,2014-11-17
Fin de Semana,"Oscar Maydon, Junior H",592,14,0.08298496719361424,11,84,6,1,30,181,2023-01-13
Creep,Radiohead,36724,7,0.34323095109467106,146,72,6807,5,80,182,1992-09-21
Car's Outside,James Arthur,794,10,0.07178393095787175,38,25,61,0,263,183,2019-10-18
Apocalypse,Cigarettes After Sex,13091,17,0.2272600553943967,61,96,790,2,116,184,2017-03-21
Cheques,Shubh,67,8,0.012946817013183187,7,10,0,0,57,185,2023-05-19
Pink + White,Frank Ocean,21574,30,0.21771537616993225,112,68,266,1,39,186,2016-08-20
Circles,Post Malone,19664,16,0.5757006063841524,391,73,633,3,37,187,2019-08-30
Just The Way You Are,Bruno Mars,21106,13,0.44316188693771075,82,0,2946,0,0,188,2010-01-01
Take Me To Church,Hozier,23804,31,0.5764626787561961,187,99,4623,1,0,189,2013-09-13
Bebe Dame,"Fuerza Regida, Grupo Frontera",849,22,0.09916959648366797,27,129,21,7,111,190,2022-12-16
You Belong With Me (Taylorï¿½ï¿½ï¿½s Ve,Taylor Swift,2619,12,0.09459744600695616,47,90,1,0,7,191,2021-04-09
Titi Me Preguntï¿,Bad Bunny,9037,42,0.3413457972047002,124,133,139,14,166,192,2022-05-06
Better Than Revenge (Taylor's Version),Taylor Swift,86,11,0.008191502733948816,3,33,3,0,1,193,2023-07-07
Shut up My Moms Calling,Hotel Ugly,1788,14,0.10938062337488391,1,50,19,0,19,194,2020-02-10
Have You Ever Seen The Rain?,Creedence Clearwater Revival,15890,14,0.3093299568370389,71,37,653,0,167,195,1968-07-01
Es un Secreto,Plan B,492,36,0.14596847814618646,4,3,19,0,0,196,2010-07-20
POLARIS - Remix,"Feid, Mora, Saiko, Quevedo",773,33,0.015472904764084298,20,46,21,8,99,197,2023-06-08
Ditto,NewJeans,1154,22,0.10734094393400928,28,125,11,1,51,198,2022-12-19
Take On Me,a-ha,44927,17,0.39933998329484915,34,0,5108,6,0,199,1984-10-19
"Annihilate (Spider-Man: Across the Spider-Verse) (Metro Boomin & Swae Lee, Lil Wayne, Offset)","Swae Lee, Lil Wayne, Offset, Metro Boomin",551,4,0.02342694190078818,13,46,20,1,10,200,2023-06-02
"Angel Pt 1 (feat. Jimin of BTS, JVKE & Muni Long)","Kodak Black, NLE Choppa, Muni Long, JVKE, Jimin",577,14,0.03611092162876036,22,18,15,1,0,201,2023-05-01
Acrï¿½ï¿½s,Shakira,955,29,0.033241062004180644,37,50,79,11,31,202,2023-05-11
AMG,"Natanael Cano, Gabito Ballesteros, Peso Pluma",995,19,0.12515541947538136,12,117,9,5,3,203,2022-11-24
"Phir Aur Kya Chahiye (From ""Zara Hatke Zara Bachke"")","Arijit Singh, Sachin-Jigar, Amitabha Bhattacharya",178,6,0.017422287843232524,6,71,1,0,31,204,2023-05-15
S-Class,Stray Kids,290,19,0.01768228622301263,9,101,5,0,73,205,2023-06-02
Hits Different,Taylor Swift,547,0,0.018524890904009633,15,15,6,0,0,206,2023-05-26
Chanel,"Becky G, Peso Pluma",681,10,0.04359150169590568,15,92,21,2,26,207,2023-03-30
Self Love (Spider-Man: Across the Spider-Verse) (Metro Boomin & Coi Leray),"Metro Boomin, Coi Leray",332,5,0.018927173658066117,18,41,5,0,19,208,2023-06-02
Area Codes,"Kaliii, Kaliii",1197,13,0.030645257593547446,44,34,25,1,171,209,2023-03-17
Abcdario,"Junior H, Eden Muï¿½ï",262,5,0.02427996373129976,8,60,4,1,109,210,2023-05-13
Obsessed,"Abhijay Sharma, Riar Saab",161,6,0.01917020556185112,10,79,2,0,42,211,2022-09-29
Piï¿½ï¿½man Deï¿,"Semicenk, Doï¿½ï¿½u ",185,3,0.01174975494265936,5,6,4,1,33,212,2023-06-02
FLOWER,JISOO,839,18,0.06287822117437414,20,110,20,0,69,213,2023-03-31
"All The Way Live (Spider-Man: Across the Spider-Verse) (Metro Boomin & Future, Lil Uzi Vert)","Future, Lil Uzi Vert, Metro Boomin",259,0,0.010022948798949856,5,17,5,0,0,214,2023-06-02
Eyes Closed,Ed Sheeran,2915,30,0.05280225355536741,116,69,107,3,675,215,2023-03-23
Escapism.,"RAYE, 070 Shake",5129,25,0.1437227505981551,116,84,114,18,348,216,2022-10-12
La Jumpa,"Arcangel, Bad Bunny",3794,34,0.14528295767579544,47,77,53,10,8,217,2022-11-30
Karma (feat. Ice Spice),"Taylor Swift, Ice Spice",588,0,0.012457168328170337,23,21,31,0,0,218,2023-05-26
Superhero (Heroes & Villains) [with Future & Chris Brown],"Future, Chris Brown, Metro Boomin",2959,16,0.1082735452919939,41,69,38,0,36,219,2022-12-02
Las Morras,"BLESSD, Peso Pluma",291,8,0.03429469333880569,8,78,4,1,1,220,2023-04-04
CHORRITO PA LAS ANIMAS,Feid,2321,36,0.093153072210594,29,65,34,5,3,221,2022-12-02
Ch y la Pizza,"Fuerza Regida, Natanael Cano",536,10,0.07778273900313115,10,72,8,3,14,222,2022-12-01
Snow On The Beach (feat. More Lana Del Rey),"Lana Del Rey, Taylor Swift",359,2,0.016293069807802773,1,0,9,0,0,223,2023-05-26
Players,Coi Leray,4096,6,0.09046483854685028,118,48,143,0,240,224,2022-11-30
Bite Me,ENHYPEN,349,69,0.02072539575497248,8,96,5,0,56,225,2023-05-22
Stand By Me (feat. Morgan Wallen),"Lil Durk, Morgan Wallen",381,5,0.012436351038275003,23,82,6,0,113,226,2023-05-26
Normal,Feid,2461,36,0.12399757722761784,47,66,45,5,6,227,2022-07-08
Hummingbird (Metro Boomin & James Blake),"James Blake, Metro Boomin",277,1,0.010708595082933935,1,20,5,0,1,228,2023-06-02
Seu Brilho Sumiu - Ao Vivo,"Israel & Rodolffo, Mari Fernandez",967,5,0.037397119660103124,7,29,51,1,29,229,2023-03-01
Bad Habit,Steve Lacy,8186,12,0.22209910162204524,155,72,131,16,29,230,2022-06-29
CUFF IT,Beyoncï¿,7842,10,0.16088426169124542,215,88,330,26,23,231,2022-07-29
Lilith (feat. SUGA of BTS) (Diablo IV Anthem),"Halsey, Suga",215,6,0.014034699883574801,6,14,8,2,4,232,2023-06-05
69,"Nicky Jam, Feid",1134,22,0.015643874097600926,39,14,48,2,3,233,2023-05-18
Niï¿½ï¿½a Bo,"Sean Paul, Feid",1305,34,0.0310503838428011,29,26,43,5,44,234,2023-04-21
Search & Rescue,Drake,2066,6,0.04727326181506975,58,70,43,0,182,235,2023-04-07
AMERICA HAS A PROBLEM (feat. Kendrick Lamar),"Kendrick Lamar, Beyoncï¿",896,0,0.015412517209274633,34,2,33,0,1,236,2023-05-19
Lavender Haze,Taylor Swift,3763,8,0.131856974733773,51,43,38,10,1,237,2022-10-21
"Link Up (Metro Boomin & Don Toliver, Wizkid feat. BEAM & Toian) - Spider-Verse Remix (Spider-Man: Across the Spider-Verse )","WizKid, Toian, Metro Boomin, Don Toliver, Beam",197,0,0.008844459892601759,3,10,3,0,0,238,2023-06-02
Efecto,Bad Bunny,4004,33,0.2828044669674511,34,65,43,6,2,239,2022-05-06
Erro Gostoso - Ao Vivo,Simone Mendes,984,5,0.041429813038257685,8,57,76,2,49,240,2023-01-27
Cupido,Tini,1240,24,0.05876795615649638,51,29,63,4,54,241,2023-02-14
Just Wanna Rock,Lil Uzi Vert,3995,13,0.12343287236478381,72,27,47,0,0,242,2022-10-17
Unstoppable,Sia,7681,13,0.25374444228712234,119,66,1145,2,0,243,2016-01-21
Until I Found You,Stephen Sanchez,4427,4,0.19612654332483737,69,100,154,20,438,244,2021-09-01
Rich Flex,"Drake, 21 Savage",4657,18,0.15487228290669594,84,84,42,0,23,245,2022-11-04
Easy On Me,Adele,10195,20,0.3796299712722318,258,87,657,22,9,246,2021-10-14
Cartï¿½ï¿½o B,"MC Caverinha, KayBlack",269,4,0.019323071777255278,7,2,30,1,11,247,2023-05-11
Danger (Spider) (Offset & JID),"Offset, JID",214,0,0.006742337221601167,3,3,6,0,0,248,2023-06-02
Oi Balde - Ao Vivo,Zï¿½ï¿½ Neto & Crist,845,2,0.039271027272782116,12,57,47,1,33,249,2023-02-14
The Real Slim Shady,Eminem,20763,27,0.38461885119731315,81,53,3271,1,17,250,2000-01-01
MERCHO,"Migrantes, LiL CaKe, Nico Valdi",1267,20,0.062455745338635,41,22,56,4,84,251,2022-12-16
The Color Violet,Tory Lanez,2585,32,0.11229536092408941,3,79,21,1,54,252,2021-12-10
Glimpse of Us,Joji,6330,6,0.2668849134186167,109,42,158,3,31,253,2022-06-10
Mejor Que Yo,"Mambo Kingz, DJ Luian, Anuel Aa",675,1,0.013727413681891086,9,13,11,0,1,254,2023-05-04
Curtains,Ed Sheeran,715,0,0.010769947838591481,37,3,27,0,50,255,2023-05-05
UNFORGIVEN (feat. Nile Rodgers),"Nile Rodgers, LE SSERAFIM",327,13,0.024847469971475782,14,110,9,0,49,256,2023-05-01
Haegeum,Agust D,244,12,0.03207638910426292,6,84,10,2,9,257,2023-04-21
Conexï¿½ï¿½es de Mï¿½ï¿½fia (feat. Rich ,"Rich The Kid, Matuï¿",385,4,0.020851167500141946,17,7,41,1,29,258,2023-04-30
MIENTRAS ME CURO DEL CORA,Karol G,1020,35,0.05572431637153927,15,26,30,6,0,259,2023-02-24
Never Felt So Alone,Labrinth,1730,3,0.03178957029029304,46,5,51,0,20,260,2023-04-07
X SI VOLVEMOS,"Karol G, Romeo Santos",2127,33,0.07198421458858008,45,80,53,8,4,261,2023-02-02
ceilings,Lizzy McAlpine,3242,9,0.07915571115556774,67,55,48,0,6,262,2022-04-08
Cupid,Fifty Fifty,526,10,0.037711464112350795,15,93,30,0,320,263,2023-02-24
I AM,IVE,366,15,0.03324340413490942,16,102,7,0,55,264,2023-04-10
Cupid ï¿½ï¿½ï¿½ Twin Ver. (FIFTY FIFTY) ï¿½ï¿½ï¿½ Spe,sped up 8282,472,2,0.02801370754323378,0,0,6,0,0,265,1997-01-01
Shorty Party,"Cartel De Santa, La Kelly",432,12,0.04397652503888456,8,14,12,2,33,266,2023-03-04
Super,SEVENTEEN,271,12,0.024627838856023418,16,103,9,0,55,267,2023-04-24
Slut Me Out,NLE Choppa,816,4,0.05142918231797664,21,4,13,0,4,268,2022-04-22
Double Fantasy (with Future),"The Weeknd, Future",1169,0,0.025966606720287392,36,65,28,0,0,269,2023-04-21
All Of The Girls You Loved Before,Taylor Swift,1282,6,0.05001167377352196,26,6,19,0,5,270,2019-08-23
PROVENZA,Karol G,6587,34,0.23896232137539536,114,104,147,11,20,271,2022-04-21
Princess Diana (with Nicki Minaj),"Nicki Minaj, Ice Spice",1444,4,0.028345906186270354,0,0,0,0,0,272,2023-04-14
Di Que Si,"Grupo Marca Registrada, Grupo Frontera",356,10,0.039765620485998625,4,64,4,2,37,273,2023-02-03
Shivers,Ed Sheeran,10147,30,0.3515710542612558,234,71,543,18,0,274,2021-09-09
Igualito a Mi Apï¿,"Fuerza Regida, Peso Pluma",265,6,0.04291383296567074,8,84,5,1,4,275,2022-12-30
Shoong! (feat. LISA of BLACKPINK),"TAEYANG, Lisa",351,9,0.02076407074547798,16,90,10,0,64,276,2023-04-25
Komang,Raim Laode,158,4,0.037020816603050316,5,6,1,1,18,277,2022-08-16
DESPECHï¿,ROSALï¿½,7613,33,0.21122823103286814,180,90,422,15,55,278,2022-07-28
Made You Look,Meghan Trainor,3956,6,0.13568758151303403,142,23,127,3,16,279,2022-10-21
Watch This - ARIZONATEARS Pluggnb Remix,"sped up nightcore, ARIZONATEARS, Lil Uzi Vert",1638,10,0.055895386679913825,0,0,21,0,0,280,2023-02-05
No Se Va,Grupo Frontera,924,18,0.10931325721545437,17,80,22,9,38,281,2022-04-28
Punto G,Quevedo,1985,35,0.10290749106422725,34,26,37,5,1,282,2022-11-04
Lovers Rock,TV Girl,6339,13,0.1258754792868827,3,1,36,1,37,283,2014-06-05
METAMORPHOSIS,INTERWORLD,1561,24,0.09654108701851481,18,78,24,0,30,284,2021-11-25
Mami Chula,"Quevedo, Jhayco",875,4,0.01649695424514275,17,13,27,0,43,285,2023-04-27
En Paris,"El Chachito, Junior H",406,5,0.05353088705026044,3,31,2,1,0,286,2022-12-24
Set Me Free Pt.2,Jimin,340,13,0.045478061134300064,4,71,16,1,9,287,2023-03-17
I Was Never There,"The Weeknd, Gesaffelstein",4188,15,0.1904663925337147,30,70,142,0,27,288,2018-03-29
Don't ever say love me (feat. RM of BTS),"RM, Colde",105,0,0.009314377982380176,5,9,5,0,0,289,2023-05-04
Shut Down,BLACKPINK,1524,17,0.13017993974550524,53,120,62,0,2,290,2022-09-16
Gato de Noche,"Nengo Flow, Bad Bunny",2651,30,0.08210709501858757,21,55,32,3,0,291,2022-12-22
Call Out My Name,The Weeknd,11087,6,0.3914251773203281,151,107,801,1,105,292,2018-03-29
Like Crazy (English Version),Jimin,373,19,0.046876252702457086,4,72,5,0,5,293,2023-03-24
Rosa Pastel,"Jasiel Nuï¿½ï¿½ez, Peso P",200,4,0.024304836214687445,8,77,2,1,1,294,2023-02-02
Sunroof,"Nicky Youre, Dazy",3741,17,0.17622053559315254,156,35,110,19,0,295,2021-12-03
Lose Yourself - Soundtrack Version,Eminem,32502,21,0.49407219266908325,247,54,5567,1,51,296,2002-01-01
Superman,"Eminem, Dina Rae",7615,14,0.17696628675634132,18,51,1005,0,0,297,2002-05-26
Mas Rica Que Ayer,"Mambo Kingz, DJ Luian, Anuel Aa",1208,34,0.039527852504152396,10,41,20,0,1,298,2023-03-02
People Pt.2 (feat. IU),"IU, Agust D",209,4,0.025868263418345302,4,45,11,2,24,299,2023-04-07
REMIX EXCLUSIVO,Feid,1235,9,0.0316435314872081,20,8,15,0,6,300,2023-03-17
"Arcï¿½ï¿½ngel: Bzrp Music Sessions, Vol","Arcangel, Bizarrap",654,3,0.027108469291803754,11,3,18,1,1,301,2023-03-22
DOGTOOTH,"Tyler, The Creator",1479,0,0.021802898463965926,23,0,18,0,33,302,2023-03-27
10:35,"Tiï¿½ï¿½sto, Tate M",4942,26,0.08790473441820736,190,104,147,18,63,303,2022-11-01
SORRY NOT SORRY,"Tyler, The Creator",709,0,0.015786234877986378,8,1,13,0,0,304,2023-03-31
HAPPY,NF,660,0,0.014233738337692795,22,7,11,0,78,305,2023-03-25
La Bebe,Yng Lvcas,489,17,0.051821926457779804,4,11,5,1,2,306,2021-12-24
I Know - PR1SVX Edit,"Kanii, PR1ISVX",407,0,0.02089011625670612,16,15,5,0,1,307,2023-03-24
Late Night Talking,Harry Styles,7461,8,0.2007863048800216,166,42,199,16,58,308,2022-05-20
Leï¿½,Marï¿½ï¿½lia Mendo,993,4,0.07229876666025489,30,84,88,1,28,309,2022-12-09
Save Your Tears (with Ariana Grande) (Remix),"Ariana Grande, The Weeknd",9161,5,0.32987209618420466,240,98,468,3,10,310,2020-03-20
Something in the Orange,Zach Bryan,3282,12,0.12141255012815827,67,84,46,16,117,311,2022-04-22
VOID,Melanie Martinez,596,0,0.018107342857326573,29,9,12,0,52,312,2023-03-29
Dijeron Que No La Iba Lograr,"Fuerza Regida, Chino Pacas",320,6,0.03140799710161768,5,48,2,1,9,313,2023-03-14
Midnight Rain,Taylor Swift,2612,4,0.11699955357665377,19,29,21,0,0,314,2022-10-21
If We Ever Broke Up,Mae Stephens,2040,4,0.04470486478873634,81,27,66,9,444,315,2023-02-10
You Proof,Morgan Wallen,2128,9,0.09930405989622088,37,88,9,0,14,316,2022-05-13
LA INOCENTE,"Feid, Mora",2598,37,0.12879175386781602,28,57,43,8,85,317,2022-04-01
Malas Decisiones,Kenia OS,542,2,0.04217507552633188,23,2,21,0,0,318,2022-10-26
Murder In My Mind,Kordhell,2459,20,0.1211808835656019,20,68,50,0,22,319,2022-01-21
Gangsta's Paradise,"Coolio, L.V.",10624,17,0.36653495772584443,21,0,386,0,0,320,1995-07-11
CAIRO,"Karol G, Ovy On The Drums",2418,26,0.0794702861760739,52,66,55,1,16,321,2022-11-13
I Love You So,The Walters,7536,7,0.2624704295128546,44,19,135,0,6,322,2014-11-28
Dark Red,Steve Lacy,10431,7,0.24839893887282113,71,53,181,0,10,323,2017-02-20
Say You Won't Let Go,James Arthur,15722,16,0.6534905370110555,231,37,1509,0,13,324,2016-09-09
The Hills,The Weeknd,25744,4,0.5257628621358256,122,94,1992,0,18,325,2015-05-27
Heart To Heart,Mac DeMarco,1640,0,0.06605375761259444,27,27,29,1,1,326,2019-05-10
Peaches (from The Super Mario Bros. Movie),Jack Black,34,0,0.018416904233148776,0,0,0,0,0,327,2023-04-07
Marisola - Remix,"Duki, NICKI NICOLE, Cris Mj, Standly, Stars Music Chile",1845,16,0.06036347311600781,20,8,30,2,0,328,2022-12-15
LOKERA,"Brray, Rauw Alejandro, Lyanno",3301,30,0.12738410360133604,72,64,64,6,3,329,2022-07-25
Low,SZA,1911,0,0.07353742443254921,23,71,14,0,9,330,2022-12-09
Numb,Linkin Park,20111,5,0.3675652962666373,39,0,7341,0,0,331,2003-03-24
Tormenta (feat. Bad Bunny),"Gorillaz, Bad Bunny",1529,0,0.04043732036019303,32,18,39,2,0,332,2023-02-24
on the street (with J. Cole),"j-hope, J. Cole",615,2,0.031479594485575316,22,82,8,0,9,333,2023-03-03
One Thing At A Time,Morgan Wallen,811,4,0.040083959924804645,11,58,5,0,21,334,2022-12-02
Miss You,"Robin Schulz, Oliver Tree",5730,10,0.13424325874407336,108,16,197,3,165,335,2022-08-05
Ainï¿½ï¿½ï¿½t Tha,Morgan Wallen,356,4,0.02397163295281032,4,20,0,0,0,336,2023-03-03
Thinkinï¿½ï¿½ï¿½ B,Morgan Wallen,604,6,0.03399518868085277,22,101,0,0,66,337,2023-03-03
Private Landing (feat. Justin Bieber & Future),"Don Toliver, Future, Justin Bieber",1190,0,0.02836461839336543,29,3,18,0,19,338,2023-02-23
Everything I Love,Morgan Wallen,579,0,0.025816189550167463,11,54,0,0,103,339,2023-01-31
Heaven,Niall Horan,1553,2,0.03903516242402028,61,6,48,0,150,340,2023-02-17
LET GO,Central Cee,2301,20,0.08047236849579335,49,23,110,0,8,341,2022-12-15
Sial,Mahalini,134,4,0.044970878462192186,4,6,0,0,23,342,2023-01-23
I Wrote The Book,Morgan Wallen,430,0,0.02241390920870812,15,17,0,0,0,343,2023-01-31
"Apna Bana Le (From ""Bhediya"")","Arijit Singh, Sachin-Jigar",86,0,0.037753066833763824,11,101,0,0,48,344,2022-11-05
SPIT IN MY FACE!,ThxSoMch,629,14,0.0818634848042526,32,3,9,0,0,345,2022-10-31
PLAYA DEL INGLï¿½,"Myke Towers, Quevedo",1701,15,0.0597768191809136,30,15,34,2,47,346,2022-12-15
Man Made A Bar (feat. Eric Church),"Morgan Wallen, Eric Church",329,0,0.015898995985712667,14,35,1,0,0,347,2023-03-03
Red Ruby Da Sleeze,Nicki Minaj,1168,0,0.02198136990544341,45,11,20,0,21,348,2023-03-03
Kahani Suno 2.0,Kaifi Khalil,162,6,0.04232700083965076,1,10,1,0,1,349,2022-05-31
Nobody Gets Me,SZA,2536,6,0.07692058245779798,59,100,58,13,2,350,2022-12-09
PERO Tï¿,"Karol G, Quevedo",387,11,0.025226475320916406,11,15,14,3,1,351,2023-02-23
Hype Boy,NewJeans,892,17,0.09813187165901599,20,119,12,2,7,352,2022-08-01
Bloody Mary,Lady Gaga,3909,0,0.1005627563180622,66,26,277,3,734,353,2011-01-01
Monotonï¿½,"Ozuna, Shakira",3645,15,0.10279017933823774,118,34,150,4,19,354,2022-10-19
ýýý98 Braves,Morgan Wallen,282,0,0.015262460470799996,6,15,0,0,0,355,2023-03-03
WANDA,Quevedo,888,22,0.0473546659096281,11,24,7,1,7,356,2023-01-20
Thought You Should Know,Morgan Wallen,968,4,0.054866256597581126,16,53,1,0,61,357,2022-05-06
In The End,Linkin Park,25065,6,0.4385016294177832,63,0,6808,2,0,358,2000-10-24
Zona De Perigo,Leo Santana,531,4,0.03625692236378389,20,1,71,2,0,359,2022-12-08
Lovezinho,Treyce,242,0,0.018917122069935604,12,2,13,0,4,360,2022-07-28
I Like You (A Happier Song) (with Doja Cat),"Post Malone, Doja Cat",5281,14,0.16450009737756113,94,21,80,15,38,361,2022-06-03
Neverita,Bad Bunny,2590,30,0.18125883353165914,20,64,35,6,0,362,2022-05-06
Vista Al Mar,Quevedo,1769,34,0.09783189776495856,16,19,21,3,4,363,2022-09-08
Sem Alianï¿½ï¿½a no ,"MC Xenon, Os Gemeos da Putaria",454,4,0.02526663712570702,6,1,21,0,1,364,2022-12-23
Enemy (with JID) - from the series Arcane League of Legends,"Imagine Dragons, League of Legends, JID, Arcane",6180,7,0.3303223430757239,122,88,580,21,10,365,2021-09-03
Revenge,XXXTENTACION,3600,11,0.27599492152837735,7,0,203,0,2,366,2017-08-25
Bombonzinho - Ao Vivo,"Israel & Rodolffo, Ana Castela",1254,6,0.07112802581934245,26,69,73,2,6,367,2022-11-03
LA CANCIï¿½,"J Balvin, Bad Bunny",6398,31,0.38746396118224946,177,109,305,3,5,368,2019-06-28
Quï¿½ï¿½ Ago,"Yuridia, Angela Aguilar",660,15,0.06394741802633705,19,59,18,5,52,369,2022-10-20
Love Again,The Kid Laroi,1283,0,0.039832747977582135,57,4,48,0,0,370,2023-01-27
After Hours,The Weeknd,8084,6,0.18847291422008278,45,115,218,1,221,371,2020-02-19
About Damn Time,Lizzo,2332,2,0.19544080929532168,0,0,25,0,0,372,2022-07-15
Born With A Beer In My Hand,Morgan Wallen,203,0,0.009300543616884724,5,9,0,0,0,373,2023-03-03
ýýýýýýýýýýýýýýýýýýýýý,Fujii Kaze,685,14,0.10883002367375523,24,94,9,0,23,374,2020-05-20
Besos Moja2,"Wisin & Yandel, ROSALï¿½",2460,13,0.0835556714209352,53,7,56,3,1,375,2022-09-29
Maan Meri Jaan,King,288,6,0.08627791444277821,11,80,1,0,8,376,2022-10-12
Moscow Mule,Bad Bunny,4572,33,0.2454172954907443,74,113,85,9,2,377,2022-05-06
My Universe,"Coldplay, BTS",6127,13,0.2867156117253768,0,0,0,0,0,378,2021-09-24
Devil Donï¿½ï¿½ï¿½,Morgan Wallen,166,0,0.008781082780033051,2,10,0,0,0,379,2023-03-03
LLYLM,ROSALï¿½,1838,0,0.033744481337933674,105,41,114,1,59,380,2023-01-27
I'm Not Here To Make Friends,"Sam Smith, Calvin Harris, Jessie Reyez",1890,0,0.028020496617505334,86,1,49,0,9,381,2023-01-27
TRUSTFALL,P!nk,2098,16,0.036246471735974166,88,24,101,7,451,382,2023-01-27
ANTIFRAGILE,LE SSERAFIM,761,12,0.08127907985463051,23,95,11,0,3,383,2022-10-17
Boy's a liar,PinkPantheress,1225,0,0.04220853330252006,27,0,28,13,0,384,2022-11-30
VIBE (feat. Jimin of BTS),"TAEYANG, Jimin",415,2,0.04126673243301357,15,40,21,1,15,385,2023-01-13
Shirt,SZA,3469,0,0.08360157205348037,71,95,31,0,2,386,2022-10-28
Lift Me Up - From Black Panther: Wakanda Forever - Music From and Inspired By,Rihanna,3311,0,0.08027398556829317,129,31,212,1,41,387,2022-10-28
STAR WALKIN' (League of Legends Worlds Anthem),Lil Nas X,2616,0,0.08977139829976785,113,17,208,0,192,388,2022-09-22
"Sex, Drugs, Etc.",Beach Weather,3006,16,0.12972954733139663,47,60,87,12,124,389,2016-11-04
Boy With Luv (feat. Halsey),"Halsey, BTS",4260,0,0.287691293439527,113,92,259,0,1,390,2019-04-12
"Hey, Mickey!",Baby Tate,482,0,0.03314375787931925,9,1,12,4,3,391,2016-09-27
Calm Down,Rï¿½ï,4013,10,0.12034930404315708,107,44,750,22,0,392,2022-02-09
Jhoome Jo Pathaan,"Arijit Singh, Vishal Dadlani, Sukriti Kakar, Vishal-Shekhar, Shekhar Ravjiani, Kumaar",138,4,0.00036783520827157355,13,78,2,0,0,393,2022-12-22
Escapism. - Sped Up,"RAYE, 070 Shake",1368,0,0.04976008357556158,12,1,11,0,8,394,2022-11-25
Space Song,Beach House,17852,4,0.2132219428846073,69,76,335,0,0,395,2015-01-01
Dreamers [Music from the FIFA World Cup Qatar 2022 Official Soundtrack],"BTS, Jung Kook, FIFA Sound",889,20,0.08730169339761301,11,78,35,0,21,396,2022-11-20
Te Felicito,"Shakira, Rauw Alejandro",4796,9,0.16370857355531024,124,66,212,13,1,397,2022-04-21
Muï¿½ï¿½,"Steve Aoki, Tini, La Joaqui",658,6,0.03266009937926079,33,7,53,2,0,398,2023-01-12
TV,Billie Eilish,3009,2,0.09140714429064643,68,89,65,0,25,399,2022-07-21
I'm Not The Only One,Sam Smith,17492,3,0.43386363739400213,136,24,1959,0,30,400,2014-01-01
Heather,Conan Gray,6170,7,0.35146732959335564,82,1,231,0,2,401,2020-03-20
"Besharam Rang (From ""Pathaan"")","Vishal-Shekhar, Shilpa Rao, Caralisa Monteiro, Kumaar, Vishal Dadlani, Shekhar Ravjiani",130,4,0.037847821748441805,21,79,2,0,0,402,2022-12-12
One Kiss (with Dua Lipa),"Calvin Harris, Dua Lipa",27705,10,0.5123029961892693,537,122,2726,6,0,403,2017-06-02
Sugar Rush Ride,TOMORROW X TOGETHER,359,0,0.029061332763715624,12,56,13,0,13,404,2023-01-27
Pink Venom,BLACKPINK,1963,16,0.14884426612886906,57,119,77,1,13,405,2022-08-19
WAIT FOR U (feat. Drake & Tems),"Drake, Future, Tems",5491,14,0.15026962479356232,128,84,75,0,35,406,2022-04-27
Don't Start Now,Dua Lipa,27119,0,0.6217867629516547,532,77,1535,3,8,407,2019-10-31
After Dark,Mr.Kitty,1776,14,0.174649819300686,1,9,3,0,0,408,2014-08-08
Eu Gosto Assim - Ao Vivo,"Gustavo Mioto, Mari Fernandez",1473,4,0.06010161669084725,27,64,66,1,4,409,2022-09-16
INDUSTRY BABY (feat. Jack Harlow),"Jack Harlow, Lil Nas X",13315,0,0.48984874509494114,300,47,690,0,0,410,2021-07-23
MIDDLE OF THE NIGHT,Elley Duhï¿,4057,8,0.23546425747164113,78,21,240,1,52,411,2020-01-10
Atlantis,Seafret,3045,6,0.154265715325689,43,53,134,1,32,412,2015-04-22
PUNTO 40,"Baby Rasta, Rauw Alejandro",3006,12,0.08209661577223523,54,32,66,2,0,413,2022-09-22
Evoque Prata,"DJ Escobar, MC MENOR SG, MC MENOR HR",852,0,0.04697873246375312,14,1,50,0,0,414,2022-09-09
How Do I Say Goodbye,Dean Lewis,2163,15,0.07688751103193521,72,97,58,0,154,415,2022-08-05
Blind,SZA,1484,0,0.0440836893316244,22,51,12,0,0,416,2022-12-09
Die For You,Joji,1703,0,0.06652118507920594,38,45,36,16,0,417,2022-11-04
Doja,Central Cee,4169,44,0.13020213693513022,57,44,183,1,11,418,2022-07-20
Gatita,Bellakath,1054,0,0.04554175656065889,9,0,15,0,1,419,2022-10-03
Rumble,"Skrillex, Flowdan, Fred again..",2849,0,0.02119042628364623,39,45,27,0,1,420,2022-01-17
Niagara Falls (Foot or 2) [with Travis Scott & 21 Savage],"Travis Scott, 21 Savage, Metro Boomin",1602,0,0.052786054110311835,12,22,12,0,2,421,2022-12-02
Yonaguni,Bad Bunny,9644,28,0.34034243677006776,120,86,164,4,0,422,2021-06-04
Super Freaky Girl,Nicki Minaj,4827,0,0.11573849396515608,104,17,76,9,2,423,2022-08-12
Running Up That Hill (A Deal With God),Kate Bush,21811,0,0.2766969119700476,117,1,676,3,0,424,1985-09-16
Dream On,Aerosmith,168,0,0.22640615232876135,0,0,5,0,0,425,1973-01-05
Limbo,Freddie Dredd,688,0,0.053830796957576345,14,1,17,0,2,426,2022-08-11
Where Are You Now,"Lost Frequencies, Calum Scott",10565,44,0.26256348405412283,238,122,557,17,58,427,2021-07-30
WORTH NOTHING,"Twisted, Oliver Tree",1612,0,0.057624736364095465,34,54,34,0,2,428,2022-09-28
Bad Habits,Ed Sheeran,12755,8,0.4199658661674395,344,97,945,15,0,429,2020-09-03
KICK BACK,Kenshi Yonezu,574,4,0.05670685141668882,38,101,26,0,0,430,2022-10-12
Evergreen (You Didnï¿½ï¿½ï¿½t Deserve Me A,Omar Apollo,2499,0,0.06153416373947754,70,0,49,0,0,431,2022-04-08
Good Days,SZA,10426,2,0.2231762028614832,133,109,182,1,10,432,2020-12-24
Levitating (feat. DaBaby),"Dua Lipa, DaBaby",15894,8,0.48665333307886954,198,13,544,0,60,433,2020-03-27
Woman,Doja Cat,9424,0,0.35883530811464914,202,50,463,4,0,434,2021-06-25
Shut up My Moms Calling - (Sped Up),Hotel Ugly,713,7,0.049091159969987815,2,4,6,0,0,435,2022-09-14
Ferrari,"James Hype, Miggy Dela Rosa",7758,28,0.1249466231781741,173,79,175,0,168,436,2022-03-14
"You're On Your Own, Kid",Taylor Swift,2537,2,0.09412920561174241,8,18,20,0,1,437,2022-10-21
"Kesariya (From ""Brahmastra"")","Pritam, Arijit Singh, Amitabh Bhattacharya",292,6,0.09897610786692872,26,98,4,0,0,438,2022-07-17
Agudo Mï¿½ï¿½gi,"Styrx, utku INC, Thezth",323,0,0.02445960826303851,4,0,14,0,0,439,1930-01-01
Payphone,"Maroon 5, Wiz Khalifa",14143,4,0.399380322750593,56,38,1891,1,0,440,2012-01-01
All I Want for Christmas Is You,Mariah Carey,25653,0,0.391419768955745,387,132,2094,0,0,441,1994-10-28
Last Christmas,Wham!,22153,0,0.31296086639572906,274,111,1302,0,0,442,1984-01-01
Rockin' Around The Christmas Tree,Brenda Lee,14994,0,0.20767632890078477,191,168,206,0,0,443,1958-01-01
Jingle Bell Rock,Bobby Helms,10326,0,0.20014048426794545,165,99,104,0,0,444,1957-01-01
It's Beginning To Look A Lot Like Christmas,Michael Bublï¿,12353,0,0.2180298739743706,35,0,549,0,0,445,2011-10-14
Santa Tell Me,Ariana Grande,9408,0,0.22520263299706866,231,106,439,0,0,446,2013-12-13
It's the Most Wonderful Time of the Year,Andy Williams,8879,0,0.17922479356359863,182,107,160,0,1,447,1963-10-14
Let It Snow! Let It Snow! Let It Snow!,Dean Martin,6512,0,0.12051845177943715,88,1,277,0,0,448,1959-11-16
Snowman,Sia,5140,0,0.18631805378471275,85,110,500,0,0,449,2017-01-01
Underneath the Tree,Kelly Clarkson,6596,0,0.13101972577004017,144,99,251,0,0,450,2013-10-25
Feliz Navidad,Josï¿½ï¿½ Felic,3788,0,0.14040143130381597,21,3,10,0,0,451,1970-11-01
Holly Jolly Christmas,Michael Bublï¿,7655,0,0.12857880113227224,5,0,291,0,0,452,2011-10-14
Mistletoe,Justin Bieber,9577,0,0.16986733090527284,195,111,310,0,0,453,2011-01-01
Sleigh Ride,The Ronettes,10114,0,0.10925300708364655,114,74,262,0,0,454,1963-11-22
Seek & Destroy,SZA,1007,0,0.026649415988744332,5,31,1,0,0,455,2022-12-09
Love Language,SZA,1127,0,0.029926974291578704,16,63,8,0,0,456,2022-12-09
Happy Xmas (War Is Over),"John Lennon, The Harlem Community Choir, The Plastic Ono Band, Yoko Ono",10829,0,0.12432597770407317,130,1,390,0,0,457,1971-12-01
Used (feat. Don Toliver),"SZA, Don Toliver",1042,0,0.025379524047026345,7,29,3,0,0,458,2022-12-08
A Holly Jolly Christmas - Single Version,Burl Ives,7930,0,0.10680349229332561,108,120,73,0,0,459,1952-01-01
The Christmas Song (Merry Christmas To You) - Remastered 1999,Nat King Cole,11500,0,0.10523232566379213,140,72,251,0,0,460,1946-11-01
Wonderful Christmastime - Edited Version / Remastered 2011,Paul McCartney,1685,0,0.10905736208671933,1,0,29,0,0,461,1979-11-16
Do They Know It's Christmas? - 1984 Version,Band Aid,14169,0,0.13005093356504693,209,30,449,0,0,462,1984-11-25
Ghost in the Machine (feat. Phoebe Bridgers),"SZA, Phoebe Bridgers",1634,0,0.02971751841795988,16,20,4,0,0,463,2022-12-09
Special,SZA,906,0,0.023782952251231653,6,21,3,0,0,464,2022-12-09
Merry Christmas Everyone,Shakin' Stevens,1087,0,0.09493635191843018,90,35,5,0,0,465,1984-01-01
Let It Snow! Let It Snow! Let It Snow!,"Frank Sinatra, B. Swanson Quartet",10585,0,0.127769788140644,126,108,406,0,0,466,1950-01-01
SOS,SZA,827,0,0.019973186250669808,6,18,1,0,0,467,2022-12-09
Open Arms (feat. Travis Scott),"SZA, Travis Scott",1420,4,0.0420236774961615,13,87,17,0,46,468,2022-12-08
White Christmas,"Bing Crosby, John Scott Trotter & His Orchestra, Ken Darby Singers",11940,0,0.10680349229332561,73,79,123,0,0,469,1942-01-01
Driving Home for Christmas - 2019 Remaster,Chris Rea,888,0,0.11595963646364242,50,0,6,0,0,470,1986-01-01
Christmas (Baby Please Come Home),Darlene Love,9122,0,0.06554304676015646,121,58,212,0,0,471,1963-11-22
Gone Girl,SZA,892,0,0.01764630839515617,3,17,2,0,0,472,2022-12-09
F2F,SZA,989,0,0.018234170248738055,5,9,1,0,0,473,2022-12-09
Notice Me,SZA,819,0,0.016743551587360513,14,22,0,0,0,474,2022-12-09
Merry Christmas,"Ed Sheeran, Elton John",2209,0,0.03664274351613493,72,90,141,0,0,475,2017-11-10
It's Beginning to Look a Lot Like Christmas (with Mitchell Ayres & His Orchestra),"Perry Como, The Fontane Sisters, Mitchell Ayres & His Orchestra",6290,0,0.07991477102102099,89,39,158,0,0,476,1958-01-01
My Only Wish (This Year),Britney Spears,6952,0,0.07049723750175813,115,53,286,0,0,477,2000-11-07
Antidepresan,"Mabel Matiz, Mert Demir",313,2,0.03690355320459976,10,6,7,1,9,478,2022-11-04
Wild Flower (with youjeen),RM,353,2,0.03661247346761414,2,74,14,0,2,479,2022-12-02
I Hate U,SZA,4094,0,0.09630602213901515,66,96,43,0,0,480,2021-12-03
Raindrops (Insane) [with Travis Scott],"Travis Scott, Metro Boomin",880,0,0.02987323082842372,3,7,10,0,0,481,2022-12-02
SPIT IN MY FACE!,ThxSoMch,573,0,0.08149996451624698,1,0,18,0,24,482,2022-10-31
Deck The Hall - Remastered 1999,Nat King Cole,3299,0,0.034294990863654465,65,39,41,0,0,483,1959-01-01
Smoking on my Ex Pack,SZA,811,0,0.01542747228769863,6,11,3,0,0,484,2022-12-09
Conceited,SZA,899,0,0.01535355842170608,2,14,2,0,0,485,2022-12-09
Snow On The Beach (feat. Lana Del Rey),"Taylor Swift, Lana Del Rey",2415,0,0.0873228497902398,33,57,30,0,11,486,2022-10-21
Maroon,Taylor Swift,2304,0,0.08578099745789801,12,16,14,0,0,487,2022-10-21
Tubarï¿½ï¿½o Te,"Dj LK da Escï¿½ï¿½cia, Tchakabum, mc jhenny, M",1003,0,0.03135662951747287,21,0,44,0,0,488,2022-09-28
Bejeweled,Taylor Swift,2699,0,0.0886108229811839,39,35,22,2,0,489,2022-10-21
Tarot,"Bad Bunny, Jhay Cortez",2482,20,0.16421262654679472,27,77,22,2,0,490,2022-05-06
You Make It Feel Like Christmas (feat. Blake Shelton),"Gwen Stefani, Blake Shelton",2577,0,0.0487526906262819,108,56,30,0,0,491,2005-09-20
Desesperados,"Chencho Corleone, Rauw Alejandro",6821,34,0.2185009997126504,83,58,128,7,0,492,2021-06-25
Too Late,SZA,714,0,0.013299576459176496,0,9,2,0,0,493,2022-12-08
Party,"Bad Bunny, Rauw Alejandro",3185,4,0.16592067701562271,38,64,37,3,36,494,2022-05-06
Run Rudolph Run - Single Version,Chuck Berry,8612,0,0.06624063723589164,120,30,52,0,1,495,1958-01-01
Jingle Bells - Remastered 1999,Frank Sinatra,4326,0,0.04823512185307833,32,3,65,0,0,496,1957-01-01
Far,SZA,680,0,0.013941799234469754,2,15,1,0,0,497,2022-12-09
On Time (with John Legend),"John Legend, Metro Boomin",398,0,0.021095965923968257,2,2,6,0,2,498,2022-12-02
GATï¿½ï¿½,"Maldy, Karol G",3328,13,0.08702559033795149,39,50,57,3,1,499,2022-08-25
ýýýabcdefu,Gayle,7215,0,0.27204075662122007,170,12,575,18,0,500,2021-08-13
Sacrifice,The Weeknd,4440,0,0.08822882618408048,81,77,133,0,0,501,2022-01-07
Is There Someone Else?,The Weeknd,2881,6,0.10563174440369637,13,89,34,0,3,502,2022-01-07
Fingers Crossed,"Lauren Spencer Smith, Lauren Spencer Smith, Lauren Spencer Smith",2235,0,0.09438255720000534,65,7,70,16,6,503,2022-01-05
Out of Time,The Weeknd,3711,0,0.09170273090812257,49,88,62,0,0,504,2022-01-07
Do It To It,"Cherish, ACRAZE",12403,0,0.1821786696697029,183,63,465,0,11,505,2021-08-20
We Don't Talk About Bruno,"Adassa, Mauro Castillo, Stephanie Beatriz, Encanto - Cast, Rhenzy Feliz, Diane Guerrero, Carolina Gaitan",2785,0,0.1168276962583571,95,89,44,0,0,506,2021-11-19
Pepas,Farruko,14114,17,0.35365085554895587,252,109,965,20,0,507,2021-06-24
How Do I Make You Love Me?,The Weeknd,1915,0,0.03219196022889124,7,47,15,0,0,508,2022-01-07
Gasoline,The Weeknd,2297,0,0.03156161333882755,11,29,14,0,0,509,2022-01-07
Infinity,Jaymes Young,4375,0,0.23975973251783894,24,0,396,0,0,510,2017-06-23
Less Than Zero,The Weeknd,2800,0,0.05417493061283149,18,77,61,0,1,511,2022-01-07
Take My Breath,The Weeknd,2597,0,0.03527452474163617,17,80,38,0,0,512,2021-08-06
good 4 u,Olivia Rodrigo,15563,6,0.5094739997937607,259,55,461,1,0,513,2021-05-14
"Here We Goï¿½ï¿½ï¿½ Again (feat. Tyler, the Cr","The Weeknd, Tyler, The Creator",1420,0,0.023786081931855045,7,18,7,0,0,514,2022-01-07
Best Friends,The Weeknd,1292,0,0.027298909763767455,3,18,14,0,0,515,2022-01-07
Kiss Me More (feat. SZA),"SZA, Doja Cat",15867,0,0.42535368641678806,382,65,497,0,12,516,2021-04-09
I Heard You're Married (feat. Lil Wayne),"The Weeknd, Lil Wayne",1178,0,0.024745121153511553,9,10,9,0,0,517,2022-01-07
Need To Know,Doja Cat,6672,0,0.2814783903468952,125,36,150,0,0,518,2021-06-11
MONTERO (Call Me By Your Name),Lil Nas X,12329,0,0.4685446734985961,275,19,738,0,0,519,2020-09-18
love nwantiti (ah ah ah),Ckay,5669,2,0.19623548790691733,74,0,262,14,0,520,2019-07-26
Dawn FM,The Weeknd,811,0,0.014560564794303881,1,8,6,0,0,521,2022-01-07
Surface Pressure,Jessica Darrow,1756,0,0.07229037818743149,38,48,20,0,0,522,2021-11-19
Starry Eyes,The Weeknd,1014,0,0.02014062173414506,1,17,11,0,0,523,2022-01-07
THATS WHAT I WANT,Lil Nas X,7963,0,0.24860183543046813,173,7,298,0,4,524,2021-09-17
One Right Now (with The Weeknd),"The Weeknd, Post Malone",4771,0,0.14568256000635044,68,18,75,0,1,525,2021-11-05
Beggin,Mï¿½ï¿½ne,8559,0,0.36928927754420093,183,64,964,9,75,526,2017-12-08
Mon Amour - Remix,"Aitana, zzoilo",3221,2,0.15610742572798647,67,13,139,0,40,527,2020-09-21
Lo Siento BB:/ (with Bad Bunny & Julieta Venegas),"Julieta Venegas, Bad Bunny, Tainy",3423,26,0.20938495093050646,61,65,53,6,0,528,2021-10-05
MONEY,Lisa,2566,13,0.23316628326423117,44,109,131,0,0,529,2021-09-10
The Motto,"Tiï¿½ï¿½sto, Ava",9151,6,0.17711399110460965,240,107,268,0,5,530,2021-11-04
Happier Than Ever,Billie Eilish,8476,0,0.28530993721828274,138,133,283,0,0,531,2021-07-30
Moth To A Flame (with The Weeknd),"The Weeknd, Swedish House Mafia",7495,17,0.1652292840742828,114,172,284,2,0,532,2021-10-22
traitor,"Juan Cruz Toledo, Huilen Toledo",5257,6,0.3323134133819817,85,43,134,0,0,533,2021-05-21
Toxic,BoyWithUke,1795,0,0.15739621157754655,34,23,118,0,0,534,2021-09-10
drivers license,Olivia Rodrigo,12685,3,0.501672640692044,185,61,485,0,0,535,2021-01-08
Malvadï¿½ï¿,"Xamï¿½ï¿½, Gustah, Neo B",648,1,0.06498074639487521,14,3,81,0,0,536,2021-11-30
All Too Well (10 Minute Version) (Taylor's Version) (From The Vault),Taylor Swift,4635,5,0.15758672116599054,50,49,30,1,2,537,2021-11-12
Donï¿½ï¿½ï¿½t Break My,The Weeknd,1184,0,0.017225329903165932,1,5,6,0,0,538,2022-01-07
Oh My God,Adele,4431,0,0.12587082121409152,105,7,199,0,0,539,2021-11-19
Entre Nosotros (Remix) [con Nicki Nicole],"Lit Killah, Maria Becerra, Tiago pzk, NICKI NICOLE",759,3,0.06396992624012336,32,0,12,0,0,540,2022-01-05
A Tale By Quincy,The Weeknd,733,0,0.01131828370500422,0,2,2,0,0,541,2022-01-07
I AM WOMAN,Emmy Meli,2795,0,0.0608161396243099,45,0,107,0,0,542,2021-11-18
Medallo,"Justin Quiles, Lenny Tavï¿½ï¿½rez, BL",2780,2,0.10616601695627267,54,21,57,1,0,543,2021-10-27
It'll Be Okay,Shawn Mendes,1950,0,0.07753957966583559,56,8,104,0,10,544,2021-12-01
Softcore,The Neighbourhood,3947,12,0.16192896377058602,33,102,93,0,30,545,2018-03-09
Super Gremlin,Kodak Black,2551,0,0.09254498649689684,52,15,35,0,1,546,2021-10-30
Volvï¿,"Aventura, Bad Bunny",5375,10,0.1819162943309676,138,24,133,0,1,547,2021-08-03
Todo De Ti,Rauw Alejandro,11975,8,0.3155167419997064,188,75,268,6,16,548,2020-11-02
Love Nwantiti - Remix,"Ckay, AX'EL, Dj Yo!",2696,0,0.14593754609137785,42,2,57,0,0,549,2019-08-30
Smokin Out The Window,"Bruno Mars, Anderson .Paak, Silk Sonic",4963,0,0.10355252088657377,63,40,76,0,0,550,2021-11-05
Meet Me At Our Spot,"THE ANXIETY, Willow, Tyler Cole",6734,0,0.14322998519185892,47,14,90,0,1,551,2020-03-13
Every Angel is Terrifying,The Weeknd,715,0,0.0100718924465318,0,1,2,0,0,552,2022-01-07
Tacones Rojos,Sebastian Yatra,3047,9,0.13792897065199558,77,31,85,5,28,553,2021-10-22
Peaches (feat. Daniel Caesar & Giveon),"Justin Bieber, Daniel Caesar, Giveon",14140,0,0.39038362274070354,231,52,612,6,0,554,2021-03-19
Dakiti,"Bad Bunny, Jhay Cortez",11215,21,0.4760832125942219,189,166,525,9,25,555,2020-10-30
"Tiago PZK: Bzrp Music Sessions, Vol. 48","Bizarrap, Tiago pzk",1678,12,0.10102581108735,20,4,15,1,3,556,2021-12-29
Lï¿½ï¿½ï¿,Stromae,2035,0,0.029376212598699335,41,122,394,0,2,557,2022-01-09
Nostï¿½ï¿½l,"Chris Brown, Rvssian, Rauw Alejandro",2780,2,0.1179009955514063,86,76,59,0,16,558,2021-09-08
Better Days (NEIKED x Mae Muller x Polo G),"NEIKED, Mae Muller, Polo G",4091,0,0.1136744320659396,105,2,73,13,1,559,2021-09-24
Life Goes On,Oliver Tree,2868,0,0.13540860714959146,43,15,116,0,0,560,2020-07-17
Sad Girlz Luv Money Remix (feat. Kali Uchis),"Kali Uchis, Amaarae, Moliy",3643,0,0.09559199814014463,69,3,70,0,3,561,2021-09-16
Butter,BTS,4779,6,0.308768443751666,180,135,223,0,5,562,2021-05-21
pushin P (feat. Young Thug),"Young Thug, Future, Gunna",3517,0,0.08407166185451452,54,28,43,0,0,563,2022-01-07
You Right,"Doja Cat, The Weeknd",5073,0,0.18160719355168986,83,9,100,0,4,564,2021-06-24
deja vu,Olivia Rodrigo,7545,4,0.339339751031077,117,39,141,0,46,565,2021-04-01
Dynamite,BTS,8528,5,0.4570584367464731,239,163,583,0,0,566,2020-08-21
TO THE MOON,Jnr Choi,2979,0,0.06617170758608168,44,0,159,0,0,567,2021-11-05
Lost in the Fire,"The Weeknd, Gesaffelstein",7731,2,0.18540808888398375,110,145,447,0,46,568,2019-01-11
Salimo de Noche,"Trueno, Tiago pzk",1057,0,0.07057748713510653,17,5,21,0,0,569,2021-10-21
Volando - Remix,"Sech, Bad Bunny, Mora",3272,19,0.16470318454550145,101,34,70,1,2,570,2021-07-08
Leave The Door Open,"Bruno Mars, Anderson .Paak, Silk Sonic",14417,0,0.3012717422654917,237,123,569,0,10,571,2021-03-05
Knife Talk (with 21 Savage ft. Project Pat),"Drake, Project Pat, 21 Savage",5199,0,0.16050148598380742,45,43,45,0,3,572,2021-09-03
Don't Be Shy,"Tiï¿½ï¿½sto, Kar",6026,0,0.1530692407452477,171,51,187,1,21,573,2021-08-01
LA FAMA (with The Weeknd),"The Weeknd, ROSALï¿½",4640,3,0.10116497631046677,81,93,507,6,4,575,2021-11-11
The Family Madrigal,"Olga Merediz, Stephanie Beatriz, Encanto - Cast",1150,0,0.04992974158585635,20,38,12,0,0,576,2021-11-19
Phantom Regret by Jim,The Weeknd,768,0,0.008627899060797533,1,1,3,0,0,577,2022-01-07
Dos Oruguitas,Sebastian Yatra,925,0,0.04510759005025846,24,47,74,0,0,578,2021-11-19
Freaks,Surf Curse,3006,3,0.2225813783324703,23,21,121,0,13,579,2015-05-10
Acapulco,Jason Derulo,3098,0,0.09813052037782896,111,5,182,1,0,580,2021-09-01
Daddy Issues,The Neighbourhood,9771,4,0.30440017987218415,42,70,384,0,3,581,2015-10-30
thought i was playing,"21 Savage, Gunna",807,0,0.01638227353517075,3,0,5,0,0,582,2022-01-07
ELEVEN,IVE,521,1,0.06688509360744072,17,89,11,0,0,583,2021-12-01
Mood (feat. Iann Dior),"24kgoldn, Iann Dior",12854,0,0.4588145380183505,237,27,636,0,0,584,2020-07-24
What Else Can I Do?,"Stephanie Beatriz, Diane Guerrero",802,0,0.0417925511760937,13,27,8,0,0,585,2021-11-19
DANCE CRIP,Trueno,731,0,0.05369493096644869,14,14,24,0,4,586,2021-11-17
Miserable Man,David Kushner,788,0,0.03358755047951837,13,0,32,1,0,587,2022-01-07
happier,Olivia Rodrigo,3069,4,0.22965181499585674,25,46,105,0,45,588,2021-05-21
Praise God,Kanye West,4651,0,0.10160399825360797,24,6,105,0,0,589,2021-08-29
Get Into It (Yuh),Doja Cat,4999,0,0.1395239983964199,43,19,73,12,0,590,2021-06-25
Before You Go,Lewis Capaldi,8327,24,0.4341493595238198,205,130,625,0,25,591,2019-11-01
Sky,Playboi Carti,3297,3,0.1368225729344585,25,3,52,0,1,592,2020-12-25
Rolling in the Deep,Adele,35684,6,0.39763497071131915,195,125,6280,2,78,593,2010-11-29
Sobrio,Maluma,3506,10,0.13867605176745756,103,76,100,1,1,594,2021-07-08
Peru,"Ed Sheeran, Fireboy DML",2999,0,0.07054301772043528,60,17,154,0,22,595,2021-12-23
favorite crime,Olivia Rodrigo,3681,0,0.21158925610794055,20,21,99,0,7,596,2021-05-21
Thunder,"Prezioso, Gabry Ponte, LUM!X",4846,10,0.11412002844428269,54,16,259,0,13,597,2021-05-07
The Business,Tiï¿½ï¿,14311,0,0.2868179753925848,255,32,582,0,14,598,2020-01-01
positions,Ariana Grande,8207,0,0.3381742787018696,175,55,95,0,2,599,2020-10-23
I WANNA BE YOUR SLAVE,Mï¿½ï¿½ne,4873,0,0.22977658617197944,65,88,434,3,13,600,2021-03-19
Vai Lï¿½ï¿½ Em Casa ,"Marï¿½ï¿½lia Mendonï¿½ï¿½a, George Henrique &",772,0,0.07124714888309096,7,3,89,0,0,601,2021-10-22
The Feels,TWICE,1150,0,0.09338847430292137,20,99,44,0,2,602,2021-10-01
HEARTBREAK ANNIVERSARY,Giveon,5398,4,0.2569283132009158,111,127,210,0,37,603,2020-02-21
No Lie,"Sean Paul, Dua Lipa",7370,0,0.2583397203260806,92,127,1219,0,62,604,2016-11-18
OUT OUT (feat. Charli XCX & Saweetie),"Charli XCX, Jax Jones, Joel Corry, Saweetie",6890,0,0.11541459793931504,122,11,201,0,1,605,2021-08-13
Pope Is a Rockstar,SALES,1966,0,0.04229485924643697,4,2,50,0,0,606,2016-04-20
2055,Sleepy hallow,2226,0,0.16860984132197418,29,0,44,0,0,607,2021-04-14
Bored,Billie Eilish,4204,0,0.20998521568248016,39,45,250,0,0,608,2017-03-30
Happier Than Ever - Edit,Billie Eilish,1959,0,0.11144826961157071,19,0,38,0,0,609,2021-07-28
Astronaut In The Ocean,Masked Wolf,7191,0,0.3073716112942973,146,18,478,0,7,610,2019-01-01
Ley Seca,"Anuel Aa, Jhay Cortez",2012,0,0.09590354769472034,101,12,38,0,0,611,2021-09-02
Every Summertime,NIKI,1211,2,0.0783569930096823,30,2,5,0,6,612,2021-08-10
Talking To The Moon,Bruno Mars,7109,2,0.2869829294324257,5,0,862,0,0,613,2010-10-04
you broke me first,Tate McRae,6638,0,0.31860867233550394,167,19,318,0,1,614,2020-04-17
The Nights,Avicii,17354,8,0.3931212260903335,92,122,1282,0,55,615,2014-01-01
Take My Breath,The Weeknd,6392,0,0.11682293532080422,174,73,344,0,0,616,2021-08-06
Way 2 Sexy (with Future & Young Thug),"Drake, Future, Young Thug",5481,0,0.13227790327830677,144,30,86,0,0,617,2021-09-03
Cï¿½ï¿½,Rauw Alejandro,2636,3,0.12580188103481774,36,82,39,0,5,618,2021-06-25
Enemy - from the series Arcane League of Legends,"Imagine Dragons, League of Legends, Arcane",824,0,0.3303223430757239,8,8,8,2,0,619,2021-10-27
Dance Monkey,Tones and I,24529,0,0.77345361816232,533,167,3595,6,0,620,2019-05-10
Lucid Dreams,Juice WRLD,14749,0,0.6179154673544408,188,34,710,0,5,621,2017-06-15
Quï¿½ï¿½ Mï¿½ï¿,"J Balvin, Maria Becerra",8087,0,0.194612242009481,92,34,131,0,0,622,2021-01-28
All of Me,John Legend,27221,0,0.5632241056904681,308,118,4534,2,77,623,2013-08-01
Smells Like Teen Spirit - Remastered 2021,Nirvana,49991,9,0.4563281063879916,265,121,12367,4,160,624,1991-09-10
Arcade,Duncan Laurence,6646,0,0.267646380211499,107,47,584,1,0,625,2019-03-07
Fair Trade (with Travis Scott),"Drake, Travis Scott",5403,6,0.16034884547690922,118,116,96,0,3,626,2021-09-03
Bar,"Tini, L-Gante",755,4,0.05425911340588674,22,3,0,0,0,627,2021-11-11
The Rumbling (TV Size),SiM,254,0,0.019172319014225166,0,4,23,0,0,628,2022-01-10
family ties (with Kendrick Lamar),"Kendrick Lamar, Baby Keem",6308,5,0.15125169438241487,114,15,63,0,2,629,2021-08-27
Mr. Brightside,The Killers,51979,15,0.4877611954718192,306,99,5063,2,120,630,2003-09-23
Blessed-Cursed,ENHYPEN,246,0,0.02087938916297521,2,12,10,0,0,631,2022-01-10
AM Remix,"J Balvin, Nio Garcia, Bad Bunny",6556,0,0.14269905722896192,93,5,67,1,0,632,2021-06-24
Streets,Doja Cat,5728,0,0.2337101789367574,85,87,179,0,12,633,2019-11-07
Shallow,"Lady Gaga, Bradley Cooper",16636,12,0.5829931712658282,368,155,2854,6,121,634,2018-09-27
Polaroid Love,ENHYPEN,461,0,0.05706692155039091,10,56,17,0,0,635,2022-01-10
Leave Before You Love Me (with Jonas Brothers),"Marshmello, Jonas Brothers",4893,4,0.17595817699356484,143,24,110,0,70,636,2021-04-28
Permission to Dance,BTS,1801,2,0.16424108336765275,77,134,74,0,2,637,2021-07-09
Friday (feat. Mufasa & Hypeman) - Dopamine Re-Edit,"Riton, Nightcrawlers, Mufasa & Hypeman, Dopamine",12043,0,0.23320165335303628,209,54,710,0,18,638,2021-01-15
RAPSTAR,Polo G,4731,0,0.21528692408700895,141,12,78,0,0,639,2021-04-09
'Till I Collapse,"Eminem, Nate Dogg",22923,0,0.45781818561683935,78,46,2515,1,0,640,2002-05-26
Memories,Maroon 5,9974,2,0.47505842200090403,272,67,1066,1,19,641,2019-09-20
Se Le Ve,"Arcangel, De La Ghetto, Justin Quiles, Lenny Tavï¿½ï¿½rez, Sech, Dalex, Dimelo Flow, Rich Music",1560,0,0.06029256608689438,72,0,0,0,0,642,2021-08-12
25k jacket (feat. Lil Baby),"Gunna, Lil Baby",620,0,0.014831756534070638,17,3,3,0,0,643,2022-01-07
When Iï¿½ï¿½ï¿½m Gone (with Katy ,"Katy Perry, Alesso",3270,0,0.061258486448134086,89,21,65,0,0,644,2021-12-29
Esqueï¿½ï¿½a-Me Se For C,"Marï¿½ï¿½lia Mendonï¿½ï¿½a, Maiara &",580,0,0.06974103301089711,24,92,93,0,0,645,2021-10-14
Miï¿½ï¿½n,"Tini, Maria Becerra",3406,16,0.1609521221955008,61,23,70,1,0,646,2021-04-29
Sï¿½ï¿½,"Anuel Aa, Myke Towers, Jhay Cortez",903,0,0.04782189709623502,30,26,15,0,0,647,2021-11-18
MAMIII,"Karol G, Becky G",6809,28,0.19346910483287294,151,102,175,5,29,648,2022-02-10
Still D.R.E.,"Dr. Dre, Snoop Dogg",33966,0,0.32684447144369355,141,78,6591,1,0,649,1999-01-01
Stay Alive (Prod. SUGA of BTS),Jung Kook,590,5,0.06651757320313799,4,113,20,0,1,650,2022-02-11
Boyfriend,Dove Cameron,3766,0,0.1339964988701324,76,0,102,0,2,651,2022-02-11
The Joker And The Queen (feat. Taylor Swift),"Ed Sheeran, Taylor Swift",1430,0,0.039630368443606095,46,1,34,0,0,652,2022-02-11
The Next Episode,"Dr. Dre, Snoop Dogg",31762,0,0.22768110165293598,142,40,5451,1,953,653,1999-01-01
Light Switch,Charlie Puth,4049,0,0.13508426753633979,119,6,85,1,1,654,2022-01-19
City of Gods,"Kanye West, Alicia Keys, Fivio Foreign",2096,0,0.028956757099151863,34,3,30,0,0,655,2022-02-11
Brividi,"Mahmood, Blanco",1175,0,0.03646876815569794,34,1,31,0,0,656,2022-02-02
Lost,Frank Ocean,29499,11,0.22199267547171606,124,27,587,0,4,657,2012-01-01
In Da Club,50 Cent,30427,7,0.3247178405007581,235,106,5221,1,35,658,2002-01-01
she's all i wanna be,Tate McRae,2711,0,0.09265774031499434,105,12,51,0,12,659,2022-02-04
Ginseng Strip 2002,Yung Lean,4310,0,0.06500384317868904,13,0,113,1,3,660,2013-08-16
All For Us - from the HBO Original Series Euphoria,"Labrinth, Zendaya",5342,0,0.11506869857397733,33,123,7,0,4,661,2019-08-04
Notion,The Rare Occasions,2393,0,0.11370008345966189,22,13,65,0,6,662,2016-08-05
Formula,Labrinth,3444,7,0.1498080724977622,24,85,102,0,1,663,2019-10-04
Mount Everest,Labrinth,5443,0,0.12627911521202997,45,1,80,0,12,664,2019-06-21
Excuses,"Intense, AP Dhillon, Gurinder Gill",272,4,0.08841921994842274,7,21,2,0,0,665,2020-07-24
Cigarettes,Juice WRLD,975,0,0.05005701310465098,11,0,10,0,0,666,2021-12-10
"Cayï¿½ï¿½ La Noche (feat. Cruz Cafunï¿½ï¿½, Abhir Hathi, Bejo, EL IMA)","Quevedo, La Pantera, Juseph, Cruz Cafunï¿½ï¿½, Bï¿½ï¿½jo, Abhir Hathi",1034,1,0.06625392541920101,19,5,12,0,0,667,2022-01-14
California Love - Original Version (Explicit),"Dr. Dre, 2Pac, Roger",18773,0,0.1564279766241757,128,17,1663,0,0,668,1995-12-28
Forgot About Dre,"Eminem, Dr. Dre",19067,0,0.18225062991518207,78,15,1674,0,3,669,1999-01-01
Down Under (feat. Colin Hay),"Luude, Colin Hay",3541,2,0.0682709994512389,57,13,50,1,7,670,2021-11-19
Mujeriego,Ryan Castro,1492,0,0.0626350191792509,44,63,91,0,24,671,2021-12-17
HUMBLE.,Kendrick Lamar,33206,1,0.5210106937363896,284,114,1481,0,5,672,2017-03-30
Stan,"Eminem, Dido",17115,0,0.248093778542879,83,63,4180,0,0,673,1999-11-21
Contection,"GODZZ__-, Zakaria",6955,0,0.3188250239279635,65,45,398,0,1,674,2020-01-16
Swim,Chase Atlantic,2742,0,0.13471167112052906,5,1,62,0,0,675,2017-10-04
A Tu Merced,Bad Bunny,4214,11,0.18495922135222168,21,20,40,0,0,676,2020-02-29
Numb Little Bug,Em Beihold,2026,0,0.06984866410986519,47,3,42,12,6,677,2022-01-28
212,"Mainstreet, Chefin",352,0,0.03864490755745277,10,0,39,0,0,678,2022-01-15
Problemï¿½,"Alvaro Diaz, Rauw Alejandro",1517,0,0.05663386279357898,42,7,15,0,4,679,2021-10-22
Bussin,"Nicki Minaj, Lil Baby",847,0,0.017471299257363508,25,0,14,0,0,680,2022-02-11
Worst Day,Future,910,0,0.01370014399057939,20,3,24,0,0,681,2022-02-11
Malvada,Zï¿½ï¿½ Fe,601,0,0.04160941086237499,28,73,64,0,0,682,2022-01-28
Hrs and Hrs,Muni Long,1800,0,0.04895538955399306,43,36,46,13,4,683,2021-11-19
Alien Blues,Vundabar,1930,0,0.09991269881174666,3,0,28,0,1,684,2015-07-24
Thinking Out Loud,Ed Sheeran,33032,0,0.6157207439890602,363,129,3895,0,28,685,2014-01-01
Still Don't Know My Name,Labrinth,6332,0,0.1522452756450442,47,116,266,0,0,686,2019-10-04
Christmas Tree,V,509,9,0.08575287191017016,8,106,6,0,8,687,2021-12-24
Mal Feito - Ao Vivo,"Marï¿½ï¿½lia Mendonï¿½ï¿½a, Hugo & G",971,2,0.07875686208665345,35,104,93,1,0,688,2022-01-14
When I R.I.P.,Labrinth,2578,0,0.05499012682958371,8,67,66,0,0,689,2019-10-04
Do We Have A Problem?,"Nicki Minaj, Lil Baby",1064,0,0.0219628369692191,42,1,26,0,0,690,2022-02-04
Forever,Labrinth,3618,0,0.07637382061122948,21,86,138,0,2,691,2019-10-04
Gospel (with Eminem),"Eminem, Dr. Dre",1040,0,0.017491108148610775,8,0,29,0,0,692,2022-02-04
Seï¿½ï¿½o,"Shawn Mendes, Camila Cabello",15010,2,0.6708645788511791,453,50,1785,1,8,693,2019-06-19
NEW MAGIC WAND,"Tyler, The Creator",4708,0,0.12458111363146997,13,7,55,0,1,694,2019-05-16
Adore You,Harry Styles,13454,1,0.3885611361694471,246,71,519,2,5,695,2019-12-06
La Santa,"Daddy Yankee, Bad Bunny",4890,20,0.20497518746435955,52,42,100,0,0,696,2020-02-29
Something In The Way - Remastered 2021,Nirvana,9514,0,0.09952883856953776,45,27,1197,0,43,697,1991-09-24
Sweetest Pie,"Dua Lipa, Megan Thee Stallion",3501,0,0.08089644211016683,69,2,51,11,0,698,2022-03-11
Bam Bam (feat. Ed Sheeran),"Camila Cabello, Ed Sheeran",6111,4,0.20435400417764632,185,40,492,9,35,699,2022-03-04
Una Noche en Medellï¿½,Cris Mj,5415,32,0.18425816479299414,46,16,53,1,2,700,2022-01-21
Envolver,Anitta,4673,2,0.14746333235187215,123,113,180,1,4,701,2021-11-11
Starlight,Dave,1856,3,0.06195389300508368,29,40,31,1,1,702,2022-03-03
Hati-Hati di Jalan,Tulus,200,2,0.05471938407695262,12,4,0,0,0,703,2022-03-03
"I'm Tired - From ""Euphoria"" An Original HBO Series",Labrinth,1888,0,0.03291413700258789,26,1,58,0,0,704,2022-02-04
DANï¿½ï¿½A,"Mc Pedrinho, Pedro Sampaio",911,2,0.05620122278544259,45,0,99,1,1,705,2022-02-01
Yo Voy (feat. Daddy Yankee),Zion & Lennox,2954,2,0.14229094223190797,18,82,0,0,5,706,2004-05-04
"Residente: Bzrp Music Sessions, Vol. 49","Residente, Bizarrap",461,0,0.025544404920593167,7,11,13,0,0,707,2022-03-03
Jordan,Ryan Castro,2844,2,0.10638202728611079,29,2,35,1,0,708,2021-04-30
Nail Tech,Jack Harlow,2939,0,0.052226446317913365,42,0,24,0,0,709,2022-02-18
Chale,Eden Muï¿½ï,695,11,0.0809001506413127,16,41,13,1,1,710,2022-02-18
DARARI,Treasure,328,0,0.04940086578845439,10,21,7,0,9,711,2022-02-15
Ya No Somos Ni Seremos,Christian Nodal,866,16,0.08632928634670305,27,84,32,7,11,712,2022-02-18
Thinking with My Dick,"Kevin Gates, Juicy J",1550,0,0.02945247912488445,0,0,14,0,0,713,2013-07-16
Freaky Deaky,"Tyga, Doja Cat",1729,0,0.04137218474293483,26,1,19,0,0,714,2022-02-25
this is what falling in love feels like,JVKE,2005,0,0.09344901224007292,16,5,43,0,7,715,2021-09-03
La Zona,Bad Bunny,1188,0,0.08440314935376556,13,1,15,0,1,716,2020-02-29
Bohemian Rhapsody - Remastered 2011,Queen,40112,3,0.5931619312694533,321,162,5691,8,17,717,1975-10-31
Hope,XXXTENTACION,3659,0,0.3242010379485353,11,10,267,0,7,718,2018-03-16
Levitating,Dua Lipa,9833,0,0.21523123348301063,233,82,531,1,1,719,2020-03-27
Wake Me Up - Radio Edit,Avicii,50887,34,0.532053950006957,315,160,6284,1,46,720,2013-01-01
"jealousy, jealousy",Olivia Rodrigo,3257,0,0.1797468014507437,10,0,70,0,0,721,2021-05-21
Monï¿½ï¿½y so,YEAT,1473,0,0.07121596574106877,2,0,12,0,10,722,2021-09-10
Demasiadas Mujeres,C. Tangana,2226,0,0.09165241924020603,36,2,11,0,14,723,2020-10-08
Something Just Like This,"The Chainsmokers, Coldplay",23375,21,0.5950707472944479,336,188,2692,3,30,724,2017-02-22
Closer,"The Chainsmokers, Halsey",28032,0,0.699594179238114,315,159,2179,0,44,725,2016-05-31
O.O,NMIXX,290,0,0.036567348505568545,9,66,10,0,0,726,2022-02-22
Somebody That I Used To Know,"Gotye, Kimbra",42798,0,0.39340683023615947,217,136,6508,1,0,727,2011-01-01
Tom's Diner,"AnnenMayKantereit, Giant Rooks",2605,0,0.06395149076893572,15,48,50,0,3,728,2019-06-28
First Class,Jack Harlow,8737,0,0.18751153583754626,163,32,137,15,12,729,2022-04-08
Plan A,Paulo Londra,1105,0,0.06497444167593823,32,0,19,0,0,730,2022-03-23
Fuera del mercado,Danny Ocean,2499,21,0.11376205583376583,68,24,43,1,0,731,2022-02-17
X ï¿½ï¿½LTIMA,"Daddy Yankee, Bad Bunny",2697,1,0.09442594426055224,55,3,32,0,0,732,2022-03-25
When You're Gone,Shawn Mendes,2092,0,0.06887826845652634,75,11,44,0,14,733,2022-03-31
In My Head,Lil Tjay,1185,0,0.05156159005521325,21,0,31,0,0,734,2022-04-01
Wait a Minute!,Willow,11985,0,0.24951873951782433,79,80,250,3,10,735,2015-01-11
LOVE DIVE,IVE,753,8,0.08255323730913049,28,124,13,0,1,736,2022-04-05
Pantysito,"Feid, Alejo, Robi",2995,0,0.0737069817379723,49,17,30,0,0,737,2022-03-18
Chance,Paulo Londra,225,0,0.024180981101914932,11,0,7,0,0,738,2022-04-06
Cool for the Summer,Demi Lovato,9243,0,0.18288520182009008,155,5,577,0,6,739,2015-01-01
psychofreak (feat. WILLOW),"Camila Cabello, Willow",918,0,0.02037679301730196,24,0,52,0,0,740,2022-04-07
Angel Baby,Troye Sivan,1959,9,0.11038133173457124,52,25,32,0,10,741,2021-09-09
Vampiro,"Matuï¿½ï¿½, Wiu, ",540,4,0.05069527221179103,26,3,39,0,0,742,2022-01-30
Si Quieren Frontear,"De La Ghetto, Duki, Quevedo",859,0,0.04819514390892475,14,0,11,0,0,743,2022-03-31
Right On,Lil Baby,1116,0,0.027478467629919585,31,9,15,0,1,744,2022-04-08
Me Arrepentï¿,"Ak4:20, Cris Mj, Pailita",273,2,0.03196059227112864,12,2,4,0,0,745,2022-03-30
That's Hilarious,Charlie Puth,686,2,0.03951528707403738,11,6,12,0,15,746,2022-04-08
Soy El Unico,Yahritza Y Su Esencia,226,0,0.034137393409185056,5,0,4,0,1,747,2022-03-25
RUMBATï¿½,Daddy Yankee,1264,0,0.04265457056841128,20,4,52,0,1,748,2022-03-25
sentaDONA (Remix) s2,"Luï¿½ï¿½sa Sonza, MC Frog, Dj Gabriel do Borel, Davi K",870,0,0.04759535487272558,32,0,49,0,0,749,2022-03-17
Falling,Harry Styles,7556,0,0.27624571148708926,124,24,254,0,8,750,2019-12-13
Sigue,"Ed Sheeran, J Balvin",1370,0,0.028869722981298168,46,8,60,0,0,751,1996-11-24
Fim de Semana no Rio,teto,315,2,0.03757966978387681,27,2,31,0,0,752,2022-03-30
MANIAC,Stray Kids,651,0,0.0572997836120674,6,188,20,0,0,753,2022-03-18
There's Nothing Holdin' Me Back,Shawn Mendes,12382,0,0.4628882514875881,229,57,1370,2,71,754,2016-09-23
IDGAF (with blackbear),"Blackbear, BoyWithUke",625,0,0.053360361574140716,10,2,13,0,1,755,2022-03-18
Golden,Harry Styles,8429,1,0.21788244177224342,85,24,200,0,2,756,2019-12-13
Get Lucky - Radio Edit,"Pharrell Williams, Nile Rodgers, Daft Punk",52898,0,0.25211663092217895,203,1,8215,0,0,757,2013-01-01
Ain't Shit,Doja Cat,3436,0,0.13491424315470218,32,6,46,0,1,758,2021-06-25
"Nobody Like U - From ""Turning Red""","Jordan Fisher, Josh Levi, Finneas O'Connell, 4*TOWN (From Disney and Pixarï¿½ï¿½ï¿½s Turning Red), Topher Ngo, Grayson Vill",918,0,0.03262632517918626,34,39,30,0,0,759,2022-02-25
Still Life,BIGBANG,181,0,0.014553982529500712,16,14,7,0,0,760,2022-04-05
Photograph,Ed Sheeran,18778,3,0.6038688443380424,228,105,2453,0,84,761,2014-06-20
Love Yourself,Justin Bieber,22730,5,0.5732636861824616,289,87,2430,0,36,762,2015-11-09
N95,Kendrick Lamar,5542,0,0.08133047659729044,52,16,65,0,206,763,2022-05-13
About Damn Time,Lizzo,9021,0,0.19544080929532168,242,49,272,21,24,764,2022-04-14
Die Hard,"Kendrick Lamar, Blxst, Amanda Reifer",4627,0,0.06408078961449028,38,13,32,0,0,765,2022-05-13
Despuï¿½ï¿½s de la P,Bad Bunny,2229,0,0.12461371420131072,27,44,24,0,5,766,2022-05-06
Un Ratito,Bad Bunny,1112,6,0.112645729911815,7,30,13,1,1,767,2022-05-06
United In Grief,Kendrick Lamar,2575,0,0.04235964406731921,4,5,12,0,51,768,2022-05-13
Father Time (feat. Sampha),"Kendrick Lamar, Sampha",3107,0,0.0343709825438359,4,0,22,0,0,769,2022-05-13
Yo No Soy Celoso,Bad Bunny,1179,0,0.08453553954189584,7,21,11,0,0,770,2022-05-06
Rich Spirit,Kendrick Lamar,3486,0,0.04689644254430473,20,10,33,0,0,771,2022-05-13
Cooped Up (with Roddy Ricch),"Post Malone, Roddy Ricch",2942,0,0.07334542047020508,42,28,43,0,0,772,2022-05-12
Me Fui de Vacaciones,Bad Bunny,1443,0,0.08252063268949597,9,11,22,1,0,773,2022-05-06
Silent Hill,"Kendrick Lamar, Kodak Black",3028,0,0.03326607380047393,22,0,23,0,0,774,2022-05-13
La Corriente,"Tony Dize, Bad Bunny",1796,8,0.129499687516833,8,25,18,1,0,775,2022-05-06
Count Me Out,Kendrick Lamar,2729,0,0.03406911739608914,3,7,13,0,1,776,2022-05-13
Andrea,"Buscabulla, Bad Bunny",1195,0,0.09288961233708784,8,30,13,1,1,777,2022-05-06
Dos Mil 16,Bad Bunny,892,3,0.09136854246641499,10,24,11,0,0,778,2022-05-06
We Cry Together,"Kendrick Lamar, Taylour Paige",1635,0,0.018600130942467857,4,1,6,0,0,779,2022-05-13
Savior,"Kendrick Lamar, Sam Dew, Baby Keem",2291,0,0.023265829765301234,9,0,8,0,0,780,2022-05-13
Un Coco,Bad Bunny,1029,28,0.10886623098992518,5,28,9,0,0,781,2022-05-06
Otro Atardecer,"Bad Bunny, The Marï¿½ï",1681,7,0.08627248447929498,10,30,13,0,33,782,2022-05-06
Worldwide Steppers,Kendrick Lamar,1480,0,0.01666816197651915,1,0,5,0,0,783,2022-05-13
Aguacero,Bad Bunny,829,0,0.07650233190688942,4,15,10,0,0,784,2022-05-06
Purple Hearts,"Kendrick Lamar, Ghostface Killah, Summer Walker",2308,0,0.020742804468446976,7,0,7,0,0,785,2022-05-13
Un Verano Sin Ti,Bad Bunny,1004,1,0.07649506927673333,8,12,9,0,0,786,2022-05-06
ULTRA SOLO,"Polima WestCoast, Pailita",1367,0,0.08308821857561609,48,4,34,1,0,787,2022-02-14
Ensï¿½ï¿½ï¿½ï¿½ame ,Bad Bunny,1112,3,0.07552465202449439,7,25,12,0,0,788,2022-05-06
El Apagï¿½,Bad Bunny,1209,0,0.05733134500482746,9,7,14,0,1,789,2022-05-06
Callaita,"Bad Bunny, Tainy",9539,15,0.35214608879805903,162,116,355,7,0,790,2019-05-31
Dua Lipa,Jack Harlow,1992,0,0.04063244563358677,35,0,3,0,0,791,2022-05-06
Agosto,Bad Bunny,897,0,0.06645038658456548,6,20,8,0,0,792,2022-05-06
House Of Memories,Panic! At The Disco,2948,0,0.1573643677791678,10,2,150,0,0,793,2016-01-15
Mr. Morale,"Kendrick Lamar, Tanna Leone",1860,0,0.015844052163685046,1,0,3,0,0,794,2022-05-13
That That (prod. & feat. SUGA of BTS),"PSY, Suga",802,0,0.05726582069160331,16,81,23,0,0,795,2022-04-29
In The Stars,Benson Boone,2224,8,0.10318789662478718,48,40,87,1,210,796,2022-04-29
Rich - Interlude,Kendrick Lamar,1103,0,0.011125411196890112,0,0,0,0,0,797,2022-05-13
SUPERMODEL,Mï¿½ï¿½ne,2265,0,0.06254369983961888,93,12,173,11,3,798,2022-05-13
Stefania (Kalush Orchestra),KALUSH,555,0,0.014505397963632805,10,4,4,0,0,799,2022-03-10
Thousand Miles,The Kid Laroi,2050,0,0.0660759963801021,52,9,46,0,1,800,2022-04-22
Crown,Kendrick Lamar,1493,0,0.011469774340458741,2,0,10,0,0,801,2022-05-13
Auntie Diaries,Kendrick Lamar,1545,0,0.01019884565153632,1,0,4,0,0,802,2022-05-13
PUFFIN ON ZOOTIEZ,Future,2350,0,0.06863481591416203,28,42,23,0,0,803,2022-04-29
Mirror,Kendrick Lamar,1929,0,0.014471448002508774,2,0,4,0,0,804,2022-05-13
Beautiful Girl,Luciano,710,4,0.043206697581762744,16,11,18,0,0,805,2022-04-22
"Paulo Londra: Bzrp Music Sessions, Vol. 23","Bizarrap, Paulo Londra",928,0,0.04432106907324146,19,0,7,0,0,806,2022-04-25
Savior - Interlude,Kendrick Lamar,1194,0,0.010013469851658042,0,0,3,0,0,807,2022-05-13
Pasoori,"Shae Gill, Ali Sethi",349,6,0.0767428008311922,10,22,3,0,0,808,2022-02-06
Mother I Sober (feat. Beth Gibbons of Portishead),"Kendrick Lamar, Beth Gibbons",1890,0,0.009011787921549054,3,0,2,0,0,809,2022-05-13
TUS Lï¿½ï¿½GR,"Sech, Mora",1308,2,0.04984479581165534,23,16,9,0,5,810,2022-04-01
Where Did You Go?,"MNEK, Jax Jones",4531,0,0.08126055339807622,135,74,119,1,18,811,2022-01-26
I Tried to Tell Y'all,"Ugly Dray, Tesla Jnr",1657,0,0.03268861397717656,15,3,3,0,0,812,2022-05-06
Honest (feat. Don Toliver),"Justin Bieber, Don Toliver",1351,0,0.028866097875903905,26,1,17,0,0,813,2022-04-29
ZOOM,Jessi,608,0,0.03698637310705917,5,29,14,0,0,814,2022-04-13
SloMo,Chanel,1211,0,0.017742731824866298,31,0,19,0,2,815,2021-12-24
FEARLESS,LE SSERAFIM,629,0,0.06196051900765953,18,75,9,0,0,816,2022-05-02
10 Things I Hate About You,Leah Kate,1301,0,0.05009543781790166,23,1,15,0,0,817,2022-03-23
SPACE MAN,Sam Ryder,1329,0,0.014762802855484316,42,51,32,0,0,818,2022-02-22
With you,"HA SUNG WOON, Jimin",343,2,0.06495255794035083,4,35,11,1,1,819,2022-04-24
Iris,The Goo Goo Dolls,13101,9,0.3469160919816721,137,5,582,0,0,820,1998-03-31
The Heart Part 5,Kendrick Lamar,2939,0,0.01928256978978821,29,0,30,0,0,821,2022-05-08
San Lucas,Kevin Kaarl,407,1,0.06611670355712004,5,0,5,0,0,822,2019-11-07
This Love (Taylorï¿½ï¿½ï¿½s Ve,Taylor Swift,1492,0,0.03568387033602288,26,2,15,0,2,823,2022-05-06
Good Looking,Suki Waterhouse,2264,0,0.04986750030544625,11,6,25,0,1,824,2017-10-20
Flowers,Lauren Spencer Smith,801,0,0.049899848978114676,42,9,24,1,1,825,2021-08-09
Yet To Come,BTS,829,0,0.08153689512558376,32,110,26,0,0,826,2022-06-10
Run BTS,BTS,736,0,0.08933261529445892,5,132,17,0,3,827,2022-06-10
Music For a Sushi Restaurant,Harry Styles,4449,1,0.09037271653809356,80,11,66,0,1,828,2022-05-20
Matilda,Harry Styles,3218,3,0.0988721229322825,29,10,79,0,0,829,2022-05-20
For Youth,BTS,327,0,0.030925185008456587,5,40,12,0,0,830,2022-06-10
Daylight,Harry Styles,2775,0,0.0785202207574333,21,11,40,0,0,831,2022-05-20
Vegas (From the Original Motion Picture Soundtrack ELVIS),Doja Cat,4576,0,0.1210883125697095,79,13,93,0,17,832,2022-05-06
Cash In Cash Out,"Pharrell Williams, Tyler, The Creator, 21 Savage",2313,0,0.03690003123395344,34,0,29,0,0,833,2022-06-10
Potion (with Dua Lipa & Young Thug),"Calvin Harris, Dua Lipa, Young Thug",3983,0,0.05146539557384411,73,45,119,0,0,834,2022-05-27
Born Singer,BTS,279,0,0.02135388972939449,0,18,6,0,0,835,2022-06-10
Little Freak,Harry Styles,2302,0,0.07375806286670464,20,3,39,0,0,836,2022-05-20
La Llevo Al Cielo (Ft. ï¿½ï¿½engo F,"Nengo Flow, Anuel Aa, Chris Jedi, Chencho Corleone",3559,3,0.08994422216884367,36,1,31,0,1,837,2022-05-20
True Love,"Kanye West, XXXTENTACION",2129,0,0.05262030253108504,23,1,44,1,0,838,2022-05-27
Satellite,Harry Styles,3291,5,0.08409521788494158,43,28,79,0,208,839,2022-05-20
Pass The Dutchie,Musical Youth,5328,0,0.05289455402503614,54,76,900,0,0,840,1982-01-01
"Villano Antillano: Bzrp Music Sessions, Vol. 51","Bizarrap, Villano Antillano",1401,0,0.06709403407730608,26,16,17,0,1,841,2022-06-08
Love Of My Life,Harry Styles,1933,0,0.06308728259808002,13,2,31,0,0,842,2022-05-20
Grapejuice,Harry Styles,1986,0,0.05388523887516307,7,1,15,0,0,843,2022-05-20
So Good,Halsey,1057,0,0.024778933421647494,51,14,19,0,0,844,2022-06-09
Belly Dancer,"BYOR, Imanbek",5115,13,0.103629692676659,109,38,301,1,33,845,2022-02-18
Keep Driving,Harry Styles,2094,1,0.06373240016595817,8,1,18,0,0,846,2022-05-20
Cinema,Harry Styles,2171,0,0.051090606869674024,18,1,28,0,0,847,2022-05-20
Die Young (feat. 347aidan),"Sleepy hallow, 347aidan",896,0,0.04342528493036814,19,0,15,0,0,848,2022-05-25
Only Love Can Hurt Like This,Paloma Faith,5148,0,0.15900907623363972,90,22,365,0,114,849,2014-01-01
Hold My Hand,Lady Gaga,2528,0,0.06435057121606726,63,8,270,2,105,850,2022-05-03
Daydreaming,Harry Styles,1900,1,0.05067651113718449,15,1,23,0,0,851,2022-05-20
Numb,"Marshmello, Khalid",3879,2,0.07972808443789334,107,76,86,1,9,852,2022-06-10
Nos Comemos (feat. Ozuna),"Ozuna, Tiago pzk",896,0,0.037347649269345175,0,0,2,0,0,853,2022-06-02
Me and Your Mama,Childish Gambino,8775,0,0.1203025615934808,33,60,107,1,0,854,2016-11-10
Crazy What Love Can Do,"David Guetta, Ella Henderson, Becky Hill",5290,0,0.0774149704814636,139,73,142,0,5,855,2022-03-18
SLOW DANCING IN THE DARK,Joji,10211,0,0.30302220460452745,38,79,65,0,1,856,2018-09-12
Antes de Perderte,Duki,584,8,0.042424075746184925,12,1,8,0,1,857,2022-06-02
Boyfriends,Harry Styles,1517,0,0.03700651948112038,26,2,30,0,0,858,2022-05-20
295,Sidhu Moose Wala,246,4,0.04948051092258646,4,106,0,0,7,859,2021-05-15
Tak Ingin Usai,Keisya Levronka,220,4,0.04989477350657921,16,5,0,0,6,860,2022-05-13
En El Radio Un Cochinero,Victor Cibrian,514,0,0.04450818439453593,5,36,1,0,0,861,2022-05-13
Master of Puppets (Remastered),Metallica,6080,0,0.190115761119353,112,198,406,1,0,862,1986-03-03
BREAK MY SOUL,Beyoncï¿,9724,0,0.09574041903192351,222,61,259,14,2,863,2022-06-21
ULTRA SOLO REMIX,"De La Ghetto, Feid, Polima WestCoast, Paloma Mami, Pailita",2341,0,0.07551910326706064,37,2,38,2,0,864,2022-06-16
Massive,Drake,5263,0,0.052816304719822536,66,89,61,0,11,865,2022-06-17
Betty (Get Money),Yung Gravy,2402,0,0.059869498441292704,45,2,26,0,1,866,2022-06-10
Ojos Marrones,Lasso,795,11,0.07108133439706764,26,18,15,1,4,867,2022-02-06
POP!,Nayeon,571,0,0.05764271717843616,19,21,14,0,2,868,2022-06-24
Layla,"Schï¿½ï¿½rze, DJ R",832,3,0.03521070242173931,18,124,24,1,0,869,2022-03-24
MORE,j-hope,565,0,0.042061973695956635,6,52,11,0,0,870,2022-07-01
Sweet Child O' Mine,Guns N' Roses,41231,1,0.41942235198548616,228,151,6720,3,99,871,1987-01-01
Last Last,Burna Boy,4526,12,0.07923118068233945,156,275,150,3,128,872,2022-05-12
SNAP,Rosa Linn,1818,0,0.19205845447917008,3,0,63,0,353,873,2022-03-19
Sticky,Drake,2814,0,0.05168782293689969,38,105,25,0,2,874,2022-06-17
Hot Shit (feat. Ye & Lil Durk),"Kanye West, Lil Durk, Cardi B",1601,0,0.023197820768607703,11,0,2,0,0,875,2022-07-01
Ai Preto,"L7nnon, DJ Biel do Furduncinho, Bianca",894,4,0.04754488661278336,28,0,54,0,0,876,2022-06-03
La Loto,"Anitta, Tini, Becky G",945,0,0.03271868720572026,49,3,57,0,0,877,2022-07-06
die first,Nessa Barrett,767,0,0.03556891019028093,25,0,22,0,0,878,2022-06-24
Afraid To Feel,LF System,5898,5,0.06608919195812732,129,55,128,0,101,879,2022-05-02
Baile no Morro,"Mc Vitin Da Igrejinha, MC Tairon, DJ Win",685,2,0.03491244753014299,17,0,24,0,30,880,2022-06-10
cï¿½ï¿½mo dormi,Rels B,1452,35,0.0895027779090571,16,15,20,0,0,881,2022-08-04
Bad Decisions (with BTS & Snoop Dogg),"Snoop Dogg, BTS, Benny Blanco",1456,0,0.059179336367271795,53,2,33,0,0,882,2022-08-05
STAYING ALIVE (feat. Drake & Lil Baby),"Drake, DJ Khaled, Lil Baby",2107,0,0.04609477506861166,51,1,50,0,0,883,2022-08-05
Caile,Luar La L,1494,2,0.07395235874233484,17,12,15,0,0,884,2020-12-18
Si Te La Encuentras Por Ahï¿,Feid,1379,4,0.048343381210052855,23,10,18,0,0,885,2022-08-05
GIVENCHY,Duki,625,4,0.050010686973773984,13,18,12,0,0,886,2022-07-20
ALIEN SUPERSTAR,Beyoncï¿,2688,0,0.04637978308479505,39,47,36,0,0,887,2022-07-29
Mary On A Cross,Ghost,2668,2,0.10450558180267094,38,266,78,0,141,888,2019-09-13
Attention,NewJeans,799,12,0.0714693343384655,14,141,9,0,1,889,2022-08-01
THE SHADE,Rex Orange County,1189,6,0.06612669277842655,17,10,16,0,4,890,2022-03-11
"Come Back Home - From ""Purple Hearts""",Sofia Carson,367,0,0.02635273268711599,28,67,195,0,0,891,2022-07-12
El Rescate,"Grupo Marca Registrada, Junior H",527,4,0.07756059485565303,10,43,3,1,0,892,2022-07-22
Heartless,Kanye West,17504,34,0.23972169658478992,63,39,1315,0,2,893,2008-01-01
"Stay With Me (with Justin Timberlake, Halsey, & Pharrell)","Calvin Harris, Halsey, Pharrell Williams, Justin Timberlake",3113,0,0.03333529908522891,54,6,124,1,0,894,2022-07-15
Siempre Pendientes,"Peso Pluma, Luis R Conriquez",685,5,0.0796862778768607,15,79,4,2,0,895,2022-08-15
JGL,"Luis R Conriquez, La Adictiva",782,9,0.08732784399591367,15,33,6,1,0,896,2022-02-18
Don't You Worry,"David Guetta, Shakira, Black Eyed Peas",2442,0,0.0650438267925539,81,4,248,1,6,897,2022-06-16
Pipoco,"Melody, Ana Castela, Dj Chris No Beat",1112,4,0.05180242913066637,22,2,65,1,3,898,2022-05-20
Hold Me Closer,"Elton John, Britney Spears",4967,0,0.07673382945805256,165,10,177,4,73,899,2017-11-10
Forget Me,Lewis Capaldi,2520,4,0.06463701609907928,93,95,84,9,202,900,2022-09-09
After LIKE,IVE,767,12,0.07169378929826727,20,129,11,0,12,901,2022-08-22
Bound 2,Kanye West,19806,7,0.18988105100178734,33,11,274,0,0,902,2013-01-01
B.O.T.A. (Baddest Of Them All) - Edit,"Interplanetary Criminal, Eliza Rose",5153,6,0.06603387096530683,102,53,113,12,0,903,2022-06-15
Talk that Talk,TWICE,615,0,0.051155201350249195,14,77,15,1,2,904,2022-08-26
BILLIE EILISH.,Armani White,2537,0,0.07482115586950143,49,1,67,11,1,905,2022-01-20
Ferxxo 100,Feid,1647,30,0.07530382136012814,20,49,23,2,2,906,2022-06-03
KU LO SA - A COLORS SHOW,Oxlade,2019,8,0.06004709134750892,117,72,107,1,7,907,2022-06-10
Prohibidox,Feid,1473,12,0.05005270385409629,25,36,25,1,0,908,2022-09-13
Static,Steve Lacy,1613,0,0.05465874300505311,21,15,13,0,0,909,2022-07-15
The Scientist,Coldplay,30992,6,0.4341815081366761,124,25,7827,1,0,910,2002-08-05
Sparks,Coldplay,10826,4,0.16849820200712143,24,0,805,0,0,911,2000-07-10
Talk,YEAT,920,0,0.04008185295210063,10,1,8,0,0,912,2022-09-02
XQ Te Pones Asï¿,"Yandel, Feid",308,0,0.01271397115068177,6,1,6,0,0,913,2022-09-13
Selfish,PnB Rock,2468,0,0.10268021960785344,15,0,0,0,0,914,2016-06-23
Sin Seï¿½ï,"Ovy On The Drums, Quevedo",1097,2,0.056455097067087734,18,10,13,1,1,915,2022-07-22
Lady Mi Amor,Feid,330,0,0.01457511111354363,3,0,2,0,0,916,2022-09-13
Poland,Lil Yachty,1584,0,0.031137252459082835,38,0,24,0,0,917,2022-06-23
THE LONELIEST,Mï¿½ï¿½ne,1585,5,0.06077136240455579,78,65,328,1,198,918,2022-10-07
Bye Bye,"Marshmello, Juice WRLD",766,0,0.022866476632056036,16,0,9,0,0,919,2022-10-14
BABY OTAKU,"Fran C, Polima WestCoast, Nickoog Clk, Pablito Pesadilla",836,0,0.04299204663269919,14,1,13,0,0,920,2022-08-18
Nxde,(G)I-DLE,430,6,0.04608849491842354,14,116,9,0,11,921,2022-10-17
Miss You,Southstar,2020,0,0.041673510188165536,77,10,119,0,40,922,1982-05-16
we fell in love in october,girl in red,6858,0,0.19521115386035015,31,21,15,0,4,923,2018-11-21
2 Be Loved (Am I Ready),Lizzo,3682,6,0.06687191206870055,41,0,158,2,68,924,2022-07-14
Celestial,Ed Sheeran,1639,0,0.04764505421182451,86,14,80,0,37,925,2022-09-29
Typa Girl,BLACKPINK,452,10,0.06359432352740606,2,129,13,0,1,926,2022-09-16
I Really Want to Stay at Your House,"Rosa Walton, Hallie Coggins",668,1,0.03791351507305918,0,0,31,0,0,927,2020-12-18
California Breeze,Lil Baby,991,0,0.02309910650555653,36,38,13,0,3,928,2022-10-14
Bamba (feat. Aitch & BIA),"Luciano, Aitch, Bï¿½",869,7,0.03947758673389855,14,12,12,2,28,929,2022-09-22
Casei Com a Putaria,"MC Ryan SP, Love Funk, Mc Paiva ZS",648,4,0.05067610237800024,0,0,30,0,0,930,2022-07-01
Major Distribution,"Drake, 21 Savage",1545,0,0.04181017641854162,22,7,15,0,0,931,2022-11-04
Pussy & Millions (feat. Travis Scott),"Drake, Travis Scott, 21 Savage",1930,0,0.05165671080126155,24,8,17,0,1,932,2022-11-04
Vigilante Shit,Taylor Swift,1948,0,0.06848149639184219,12,9,16,0,0,933,2022-10-21
Question...?,Taylor Swift,1608,0,0.06022354113193775,10,3,12,0,0,934,2022-10-21
On BS,"Drake, 21 Savage",1338,0,0.04600865809405314,9,20,7,0,0,935,2022-11-04
Mastermind,Taylor Swift,1936,0,0.05894281113213964,7,5,13,0,0,936,2022-10-21
Circo Loco,"Drake, 21 Savage",1794,0,0.03826197552797534,26,9,17,0,3,937,2022-11-04
Labyrinth,Taylor Swift,1597,0,0.05057843404168604,6,3,15,0,0,938,2022-10-21
Spin Bout U,"Drake, 21 Savage",1652,2,0.05355522199102208,26,52,10,0,95,939,2022-11-04
Sweet Nothing,Taylor Swift,1747,0,0.05024485927872733,9,6,13,0,2,940,2022-10-21
"Would've, Could've, Should've",Taylor Swift,1715,0,0.047922871144208366,4,5,8,0,0,941,2022-10-21
Con La Brisa,"Ludwig Goransson, Foudeqush",486,0,0.019194117974129697,8,1,7,0,0,942,2022-11-04
Privileged Rappers,"Drake, 21 Savage",1007,0,0.0303555372373364,6,5,3,0,0,943,2022-11-04
The Astronaut,Jin,481,9,0.054924303641579526,10,100,15,1,27,944,2022-10-28
BackOutsideBoyz,Drake,1045,0,0.025207205592212695,8,5,2,0,0,945,2022-11-04
Broke Boys,"Drake, 21 Savage",1060,0,0.02868508262396804,3,8,5,0,0,946,2022-11-04
The Great War,Taylor Swift,1274,0,0.048970059796922094,1,6,11,0,0,947,2022-10-21
My Mind & Me,Selena Gomez,953,0,0.02469580465491676,61,13,37,1,0,948,2022-11-03
Bigger Than The Whole Sky,Taylor Swift,1180,0,0.03290298360056641,4,0,8,0,0,949,2022-10-21
A Veces (feat. Feid),"Feid, Paulo Londra",573,0,0.019846937979767054,2,0,7,0,0,950,2022-11-03
En La De Ella,"Feid, Sech, Jhayco",1320,0,0.036149228628005535,29,26,17,0,0,951,2022-10-20
Alone,Burna Boy,782,2,0.02591992987727015,27,18,32,1,0,952,2022-11-04
